302.8401,3.0291,0,,,
Mascot MZ,MassHunter MZ,MZ Difference,Mascot RT,MassHunter RT,RT Difference
No match found,,,,,
,,,,,
302.8401,3.0392,0,,,
Mascot MZ,MassHunter MZ,MZ Difference,Mascot RT,MassHunter RT,RT Difference
No match found,,,,,
,,,,,
303.1841,2.6263,0,,,
Mascot MZ,MassHunter MZ,MZ Difference,Mascot RT,MassHunter RT,RT Difference
No match found,,,,,
,,,,,
303.1841,2.6397,0,,,
Mascot MZ,MassHunter MZ,MZ Difference,Mascot RT,MassHunter RT,RT Difference
No match found,,,,,
,,,,,
303.1841,2.8332,0,,,
Mascot MZ,MassHunter MZ,MZ Difference,Mascot RT,MassHunter RT,RT Difference
No match found,,,,,
,,,,,
303.1841,2.8476,0,,,
Mascot MZ,MassHunter MZ,MZ Difference,Mascot RT,MassHunter RT,RT Difference
No match found,,,,,
,,,,,
443.5662,4.679,0,,,
Mascot MZ,MassHunter MZ,MZ Difference,Mascot RT,MassHunter RT,RT Difference
No match found,,,,,
,,,,,
443.8948,5.162,0,,,
Mascot MZ,MassHunter MZ,MZ Difference,Mascot RT,MassHunter RT,RT Difference
No match found,,,,,
,,,,,
443.8948,5.1733,0,,,
Mascot MZ,MassHunter MZ,MZ Difference,Mascot RT,MassHunter RT,RT Difference
No match found,,,,,
,,,,,
443.9068,5.2442,0,,,
Mascot MZ,MassHunter MZ,MZ Difference,Mascot RT,MassHunter RT,RT Difference
No match found,,,,,
,,,,,
445.7583,3.6357,0,,,
Mascot MZ,MassHunter MZ,MZ Difference,Mascot RT,MassHunter RT,RT Difference
No match found,,,,,
,,,,,
445.7583,3.6504,0,,,
Mascot MZ,MassHunter MZ,MZ Difference,Mascot RT,MassHunter RT,RT Difference
No match found,,,,,
,,,,,
449.2272,4.7388,0,,,
Mascot MZ,MassHunter MZ,MZ Difference,Mascot RT,MassHunter RT,RT Difference
No match found,,,,,
,,,,,
449.2272,4.7503,0,,,
Mascot MZ,MassHunter MZ,MZ Difference,Mascot RT,MassHunter RT,RT Difference
No match found,,,,,
,,,,,
449.2272,4.8391,0,,,
Mascot MZ,MassHunter MZ,MZ Difference,Mascot RT,MassHunter RT,RT Difference
No match found,,,,,
,,,,,
453.7556,3.0851,0,,,
Mascot MZ,MassHunter MZ,MZ Difference,Mascot RT,MassHunter RT,RT Difference
No match found,,,,,
,,,,,
454.558,3.703,0,,,
Mascot MZ,MassHunter MZ,MZ Difference,Mascot RT,MassHunter RT,RT Difference
No match found,,,,,
,,,,,
454.558,3.715,0,,,
Mascot MZ,MassHunter MZ,MZ Difference,Mascot RT,MassHunter RT,RT Difference
No match found,,,,,
,,,,,
454.558,3.8402,0,,,
Mascot MZ,MassHunter MZ,MZ Difference,Mascot RT,MassHunter RT,RT Difference
No match found,,,,,
,,,,,
454.558,3.8541,0,,,
Mascot MZ,MassHunter MZ,MZ Difference,Mascot RT,MassHunter RT,RT Difference
No match found,,,,,
,,,,,
454.558,3.9525,0,,,
Mascot MZ,MassHunter MZ,MZ Difference,Mascot RT,MassHunter RT,RT Difference
No match found,,,,,
,,,,,
454.558,3.9667,0,,,
Mascot MZ,MassHunter MZ,MZ Difference,Mascot RT,MassHunter RT,RT Difference
No match found,,,,,
,,,,,
501.2607,4.4525,0,,,
Mascot MZ,MassHunter MZ,MZ Difference,Mascot RT,MassHunter RT,RT Difference
No match found,,,,,
,,,,,
501.2607,4.4624,0,,,
Mascot MZ,MassHunter MZ,MZ Difference,Mascot RT,MassHunter RT,RT Difference
No match found,,,,,
,,,,,
506.5915,3.5532,0,,,
Mascot MZ,MassHunter MZ,MZ Difference,Mascot RT,MassHunter RT,RT Difference
No match found,,,,,
,,,,,
592.3154,5.9317,0,,,
Mascot MZ,MassHunter MZ,MZ Difference,Mascot RT,MassHunter RT,RT Difference
No match found,,,,,
,,,,,
592.3154,5.9405,0,,,
Mascot MZ,MassHunter MZ,MZ Difference,Mascot RT,MassHunter RT,RT Difference
No match found,,,,,
,,,,,
592.3154,6.0351,0,,,
Mascot MZ,MassHunter MZ,MZ Difference,Mascot RT,MassHunter RT,RT Difference
No match found,,,,,
,,,,,
592.3154,6.0447,0,,,
Mascot MZ,MassHunter MZ,MZ Difference,Mascot RT,MassHunter RT,RT Difference
No match found,,,,,
,,,,,
592.3154,6.1488,0,,,
Mascot MZ,MassHunter MZ,MZ Difference,Mascot RT,MassHunter RT,RT Difference
No match found,,,,,
,,,,,
592.3154,6.1638,0,,,
Mascot MZ,MassHunter MZ,MZ Difference,Mascot RT,MassHunter RT,RT Difference
No match found,,,,,
,,,,,
592.3154,6.3522,0,,,
Mascot MZ,MassHunter MZ,MZ Difference,Mascot RT,MassHunter RT,RT Difference
No match found,,,,,
,,,,,
592.3154,6.3671,0,,,
Mascot MZ,MassHunter MZ,MZ Difference,Mascot RT,MassHunter RT,RT Difference
No match found,,,,,
,,,,,
597.6479,5.3627,0,,,
Mascot MZ,MassHunter MZ,MZ Difference,Mascot RT,MassHunter RT,RT Difference
No match found,,,,,
,,,,,
597.6479,5.3711,0,,,
Mascot MZ,MassHunter MZ,MZ Difference,Mascot RT,MassHunter RT,RT Difference
No match found,,,,,
,,,,,
597.6479,5.4658,0,,,
Mascot MZ,MassHunter MZ,MZ Difference,Mascot RT,MassHunter RT,RT Difference
No match found,,,,,
,,,,,
597.6479,5.4745,0,,,
Mascot MZ,MassHunter MZ,MZ Difference,Mascot RT,MassHunter RT,RT Difference
No match found,,,,,
,,,,,
597.6479,5.648,0,,,
Mascot MZ,MassHunter MZ,MZ Difference,Mascot RT,MassHunter RT,RT Difference
No match found,,,,,
,,,,,
597.6479,5.8382,0,,,
Mascot MZ,MassHunter MZ,MZ Difference,Mascot RT,MassHunter RT,RT Difference
No match found,,,,,
,,,,,
597.6479,5.9428,0,,,
Mascot MZ,MassHunter MZ,MZ Difference,Mascot RT,MassHunter RT,RT Difference
No match found,,,,,
,,,,,
597.6479,5.9547,0,,,
Mascot MZ,MassHunter MZ,MZ Difference,Mascot RT,MassHunter RT,RT Difference
No match found,,,,,
,,,,,
602.9771,4.876,0,,,
Mascot MZ,MassHunter MZ,MZ Difference,Mascot RT,MassHunter RT,RT Difference
No match found,,,,,
,,,,,
602.9771,4.8856,0,,,
Mascot MZ,MassHunter MZ,MZ Difference,Mascot RT,MassHunter RT,RT Difference
No match found,,,,,
,,,,,
602.9771,5.3396,0,,,
Mascot MZ,MassHunter MZ,MZ Difference,Mascot RT,MassHunter RT,RT Difference
No match found,,,,,
,,,,,
602.9771,5.3501,0,,,
Mascot MZ,MassHunter MZ,MZ Difference,Mascot RT,MassHunter RT,RT Difference
No match found,,,,,
,,,,,
602.9771,6.431,0,,,
Mascot MZ,MassHunter MZ,MZ Difference,Mascot RT,MassHunter RT,RT Difference
No match found,,,,,
,,,,,
602.9771,6.4416,0,,,
Mascot MZ,MassHunter MZ,MZ Difference,Mascot RT,MassHunter RT,RT Difference
No match found,,,,,
,,,,,
640.3459,5.5607,0,,,
Mascot MZ,MassHunter MZ,MZ Difference,Mascot RT,MassHunter RT,RT Difference
No match found,,,,,
,,,,,
640.3459,5.5718,0,,,
Mascot MZ,MassHunter MZ,MZ Difference,Mascot RT,MassHunter RT,RT Difference
No match found,,,,,
,,,,,
657.8271,5.8345,0,,,
Mascot MZ,MassHunter MZ,MZ Difference,Mascot RT,MassHunter RT,RT Difference
No match found,,,,,
,,,,,
665.3385,5.1251,0,,,
Mascot MZ,MassHunter MZ,MZ Difference,Mascot RT,MassHunter RT,RT Difference
No match found,,,,,
,,,,,
665.3385,5.1372,1,,,
Mascot MZ,MassHunter MZ,MZ Difference,Mascot RT,MassHunter RT,RT Difference
665.3385,665.3393,-0.00076,5.1372,5.13945,-0.00225
,,,,,
665.3385,5.5861,0,,,
Mascot MZ,MassHunter MZ,MZ Difference,Mascot RT,MassHunter RT,RT Difference
No match found,,,,,
,,,,,
665.3385,5.6193,0,,,
Mascot MZ,MassHunter MZ,MZ Difference,Mascot RT,MassHunter RT,RT Difference
No match found,,,,,
,,,,,
665.3385,5.7183,0,,,
Mascot MZ,MassHunter MZ,MZ Difference,Mascot RT,MassHunter RT,RT Difference
No match found,,,,,
,,,,,
665.3385,5.7317,0,,,
Mascot MZ,MassHunter MZ,MZ Difference,Mascot RT,MassHunter RT,RT Difference
No match found,,,,,
,,,,,
665.3385,5.8362,0,,,
Mascot MZ,MassHunter MZ,MZ Difference,Mascot RT,MassHunter RT,RT Difference
No match found,,,,,
,,,,,
665.3385,5.8476,0,,,
Mascot MZ,MassHunter MZ,MZ Difference,Mascot RT,MassHunter RT,RT Difference
No match found,,,,,
,,,,,
665.3385,7.6862,0,,,
Mascot MZ,MassHunter MZ,MZ Difference,Mascot RT,MassHunter RT,RT Difference
No match found,,,,,
,,,,,
665.3385,7.7896,0,,,
Mascot MZ,MassHunter MZ,MZ Difference,Mascot RT,MassHunter RT,RT Difference
No match found,,,,,
,,,,,
665.3385,7.8875,0,,,
Mascot MZ,MassHunter MZ,MZ Difference,Mascot RT,MassHunter RT,RT Difference
No match found,,,,,
,,,,,
665.3385,7.9592,0,,,
Mascot MZ,MassHunter MZ,MZ Difference,Mascot RT,MassHunter RT,RT Difference
No match found,,,,,
,,,,,
665.3485,5.2324,0,,,
Mascot MZ,MassHunter MZ,MZ Difference,Mascot RT,MassHunter RT,RT Difference
No match found,,,,,
,,,,,
665.3485,5.2423,0,,,
Mascot MZ,MassHunter MZ,MZ Difference,Mascot RT,MassHunter RT,RT Difference
No match found,,,,,
,,,,,
665.3485,5.3939,0,,,
Mascot MZ,MassHunter MZ,MZ Difference,Mascot RT,MassHunter RT,RT Difference
No match found,,,,,
,,,,,
665.3566,5.3719,0,,,
Mascot MZ,MassHunter MZ,MZ Difference,Mascot RT,MassHunter RT,RT Difference
No match found,,,,,
,,,,,
665.366,5.2672,0,,,
Mascot MZ,MassHunter MZ,MZ Difference,Mascot RT,MassHunter RT,RT Difference
No match found,,,,,
,,,,,
665.3816,5.2784,0,,,
Mascot MZ,MassHunter MZ,MZ Difference,Mascot RT,MassHunter RT,RT Difference
No match found,,,,,
,,,,,
665.3816,5.2893,0,,,
Mascot MZ,MassHunter MZ,MZ Difference,Mascot RT,MassHunter RT,RT Difference
No match found,,,,,
,,,,,
665.3816,5.3003,0,,,
Mascot MZ,MassHunter MZ,MZ Difference,Mascot RT,MassHunter RT,RT Difference
No match found,,,,,
,,,,,
673.3357,4.1786,0,,,
Mascot MZ,MassHunter MZ,MZ Difference,Mascot RT,MassHunter RT,RT Difference
No match found,,,,,
,,,,,
673.3357,4.1874,0,,,
Mascot MZ,MassHunter MZ,MZ Difference,Mascot RT,MassHunter RT,RT Difference
No match found,,,,,
,,,,,
673.3357,4.2921,0,,,
Mascot MZ,MassHunter MZ,MZ Difference,Mascot RT,MassHunter RT,RT Difference
No match found,,,,,
,,,,,
673.3357,4.3127,0,,,
Mascot MZ,MassHunter MZ,MZ Difference,Mascot RT,MassHunter RT,RT Difference
No match found,,,,,
,,,,,
673.3357,4.5451,0,,,
Mascot MZ,MassHunter MZ,MZ Difference,Mascot RT,MassHunter RT,RT Difference
No match found,,,,,
,,,,,
673.3357,4.5535,0,,,
Mascot MZ,MassHunter MZ,MZ Difference,Mascot RT,MassHunter RT,RT Difference
No match found,,,,,
,,,,,
673.3357,4.7058,0,,,
Mascot MZ,MassHunter MZ,MZ Difference,Mascot RT,MassHunter RT,RT Difference
No match found,,,,,
,,,,,
673.3357,4.7141,0,,,
Mascot MZ,MassHunter MZ,MZ Difference,Mascot RT,MassHunter RT,RT Difference
No match found,,,,,
,,,,,
673.3357,4.816,0,,,
Mascot MZ,MassHunter MZ,MZ Difference,Mascot RT,MassHunter RT,RT Difference
No match found,,,,,
,,,,,
673.3357,4.827,0,,,
Mascot MZ,MassHunter MZ,MZ Difference,Mascot RT,MassHunter RT,RT Difference
No match found,,,,,
,,,,,
673.3357,4.9461,0,,,
Mascot MZ,MassHunter MZ,MZ Difference,Mascot RT,MassHunter RT,RT Difference
No match found,,,,,
,,,,,
673.3357,4.9571,0,,,
Mascot MZ,MassHunter MZ,MZ Difference,Mascot RT,MassHunter RT,RT Difference
No match found,,,,,
,,,,,
673.3357,5.0454,0,,,
Mascot MZ,MassHunter MZ,MZ Difference,Mascot RT,MassHunter RT,RT Difference
No match found,,,,,
,,,,,
673.3357,5.0551,0,,,
Mascot MZ,MassHunter MZ,MZ Difference,Mascot RT,MassHunter RT,RT Difference
No match found,,,,,
,,,,,
681.3238,5.6055,0,,,
Mascot MZ,MassHunter MZ,MZ Difference,Mascot RT,MassHunter RT,RT Difference
No match found,,,,,
,,,,,
681.3238,5.616,0,,,
Mascot MZ,MassHunter MZ,MZ Difference,Mascot RT,MassHunter RT,RT Difference
No match found,,,,,
,,,,,
681.3327,3.6762,0,,,
Mascot MZ,MassHunter MZ,MZ Difference,Mascot RT,MassHunter RT,RT Difference
No match found,,,,,
,,,,,
681.3327,3.6879,0,,,
Mascot MZ,MassHunter MZ,MZ Difference,Mascot RT,MassHunter RT,RT Difference
No match found,,,,,
,,,,,
681.3327,3.7891,0,,,
Mascot MZ,MassHunter MZ,MZ Difference,Mascot RT,MassHunter RT,RT Difference
No match found,,,,,
,,,,,
681.3327,3.8003,0,,,
Mascot MZ,MassHunter MZ,MZ Difference,Mascot RT,MassHunter RT,RT Difference
No match found,,,,,
,,,,,
681.3327,3.8997,0,,,
Mascot MZ,MassHunter MZ,MZ Difference,Mascot RT,MassHunter RT,RT Difference
No match found,,,,,
,,,,,
681.3327,3.913,0,,,
Mascot MZ,MassHunter MZ,MZ Difference,Mascot RT,MassHunter RT,RT Difference
No match found,,,,,
,,,,,
681.3327,4.0028,0,,,
Mascot MZ,MassHunter MZ,MZ Difference,Mascot RT,MassHunter RT,RT Difference
No match found,,,,,
,,,,,
681.3327,4.0528,0,,,
Mascot MZ,MassHunter MZ,MZ Difference,Mascot RT,MassHunter RT,RT Difference
No match found,,,,,
,,,,,
681.3327,4.1893,0,,,
Mascot MZ,MassHunter MZ,MZ Difference,Mascot RT,MassHunter RT,RT Difference
No match found,,,,,
,,,,,
681.3327,4.3482,0,,,
Mascot MZ,MassHunter MZ,MZ Difference,Mascot RT,MassHunter RT,RT Difference
No match found,,,,,
,,,,,
681.3327,4.5549,0,,,
Mascot MZ,MassHunter MZ,MZ Difference,Mascot RT,MassHunter RT,RT Difference
No match found,,,,,
,,,,,
681.3327,4.5667,0,,,
Mascot MZ,MassHunter MZ,MZ Difference,Mascot RT,MassHunter RT,RT Difference
No match found,,,,,
,,,,,
688.1253,5.484,0,,,
Mascot MZ,MassHunter MZ,MZ Difference,Mascot RT,MassHunter RT,RT Difference
No match found,,,,,
,,,,,
688.1253,5.495,0,,,
Mascot MZ,MassHunter MZ,MZ Difference,Mascot RT,MassHunter RT,RT Difference
No match found,,,,,
,,,,,
688.3333,4.6417,0,,,
Mascot MZ,MassHunter MZ,MZ Difference,Mascot RT,MassHunter RT,RT Difference
No match found,,,,,
,,,,,
688.3333,4.6516,0,,,
Mascot MZ,MassHunter MZ,MZ Difference,Mascot RT,MassHunter RT,RT Difference
No match found,,,,,
,,,,,
688.3333,4.7495,0,,,
Mascot MZ,MassHunter MZ,MZ Difference,Mascot RT,MassHunter RT,RT Difference
No match found,,,,,
,,,,,
688.3333,4.7593,0,,,
Mascot MZ,MassHunter MZ,MZ Difference,Mascot RT,MassHunter RT,RT Difference
No match found,,,,,
,,,,,
688.6616,4.5915,0,,,
Mascot MZ,MassHunter MZ,MZ Difference,Mascot RT,MassHunter RT,RT Difference
No match found,,,,,
,,,,,
688.6616,4.5999,0,,,
Mascot MZ,MassHunter MZ,MZ Difference,Mascot RT,MassHunter RT,RT Difference
No match found,,,,,
,,,,,
688.6616,4.7697,0,,,
Mascot MZ,MassHunter MZ,MZ Difference,Mascot RT,MassHunter RT,RT Difference
No match found,,,,,
,,,,,
688.6616,4.7799,0,,,
Mascot MZ,MassHunter MZ,MZ Difference,Mascot RT,MassHunter RT,RT Difference
No match found,,,,,
,,,,,
692.8512,6.9021,0,,,
Mascot MZ,MassHunter MZ,MZ Difference,Mascot RT,MassHunter RT,RT Difference
No match found,,,,,
,,,,,
692.8512,6.9125,0,,,
Mascot MZ,MassHunter MZ,MZ Difference,Mascot RT,MassHunter RT,RT Difference
No match found,,,,,
,,,,,
692.8512,7.0111,0,,,
Mascot MZ,MassHunter MZ,MZ Difference,Mascot RT,MassHunter RT,RT Difference
No match found,,,,,
,,,,,
692.8512,7.0252,0,,,
Mascot MZ,MassHunter MZ,MZ Difference,Mascot RT,MassHunter RT,RT Difference
No match found,,,,,
,,,,,
693.6655,4.2448,0,,,
Mascot MZ,MassHunter MZ,MZ Difference,Mascot RT,MassHunter RT,RT Difference
No match found,,,,,
,,,,,
693.6655,4.255,0,,,
Mascot MZ,MassHunter MZ,MZ Difference,Mascot RT,MassHunter RT,RT Difference
No match found,,,,,
,,,,,
693.6655,4.3473,0,,,
Mascot MZ,MassHunter MZ,MZ Difference,Mascot RT,MassHunter RT,RT Difference
No match found,,,,,
,,,,,
693.6655,4.3572,0,,,
Mascot MZ,MassHunter MZ,MZ Difference,Mascot RT,MassHunter RT,RT Difference
No match found,,,,,
,,,,,
693.6655,4.4938,0,,,
Mascot MZ,MassHunter MZ,MZ Difference,Mascot RT,MassHunter RT,RT Difference
No match found,,,,,
,,,,,
693.6655,4.5055,0,,,
Mascot MZ,MassHunter MZ,MZ Difference,Mascot RT,MassHunter RT,RT Difference
No match found,,,,,
,,,,,
693.6655,4.6308,0,,,
Mascot MZ,MassHunter MZ,MZ Difference,Mascot RT,MassHunter RT,RT Difference
No match found,,,,,
,,,,,
693.6655,4.643,0,,,
Mascot MZ,MassHunter MZ,MZ Difference,Mascot RT,MassHunter RT,RT Difference
No match found,,,,,
,,,,,
696.8502,6.5126,0,,,
Mascot MZ,MassHunter MZ,MZ Difference,Mascot RT,MassHunter RT,RT Difference
No match found,,,,,
,,,,,
696.8502,6.5235,0,,,
Mascot MZ,MassHunter MZ,MZ Difference,Mascot RT,MassHunter RT,RT Difference
No match found,,,,,
,,,,,
696.8502,6.7544,0,,,
Mascot MZ,MassHunter MZ,MZ Difference,Mascot RT,MassHunter RT,RT Difference
No match found,,,,,
,,,,,
696.8502,6.7824,0,,,
Mascot MZ,MassHunter MZ,MZ Difference,Mascot RT,MassHunter RT,RT Difference
No match found,,,,,
,,,,,
720.1493,5.0347,0,,,
Mascot MZ,MassHunter MZ,MZ Difference,Mascot RT,MassHunter RT,RT Difference
No match found,,,,,
,,,,,
720.1493,5.046,0,,,
Mascot MZ,MassHunter MZ,MZ Difference,Mascot RT,MassHunter RT,RT Difference
No match found,,,,,
,,,,,
720.1493,5.1378,0,,,
Mascot MZ,MassHunter MZ,MZ Difference,Mascot RT,MassHunter RT,RT Difference
No match found,,,,,
,,,,,
720.1493,5.1479,0,,,
Mascot MZ,MassHunter MZ,MZ Difference,Mascot RT,MassHunter RT,RT Difference
No match found,,,,,
,,,,,
720.1493,7.4772,0,,,
Mascot MZ,MassHunter MZ,MZ Difference,Mascot RT,MassHunter RT,RT Difference
No match found,,,,,
,,,,,
720.1493,7.5031,0,,,
Mascot MZ,MassHunter MZ,MZ Difference,Mascot RT,MassHunter RT,RT Difference
No match found,,,,,
,,,,,
720.1493,7.5788,0,,,
Mascot MZ,MassHunter MZ,MZ Difference,Mascot RT,MassHunter RT,RT Difference
No match found,,,,,
,,,,,
720.1493,7.5994,0,,,
Mascot MZ,MassHunter MZ,MZ Difference,Mascot RT,MassHunter RT,RT Difference
No match found,,,,,
,,,,,
720.1493,7.6806,0,,,
Mascot MZ,MassHunter MZ,MZ Difference,Mascot RT,MassHunter RT,RT Difference
No match found,,,,,
,,,,,
720.1493,7.7072,0,,,
Mascot MZ,MassHunter MZ,MZ Difference,Mascot RT,MassHunter RT,RT Difference
No match found,,,,,
,,,,,
720.1493,7.7951,0,,,
Mascot MZ,MassHunter MZ,MZ Difference,Mascot RT,MassHunter RT,RT Difference
No match found,,,,,
,,,,,
724.148,4.8189,0,,,
Mascot MZ,MassHunter MZ,MZ Difference,Mascot RT,MassHunter RT,RT Difference
No match found,,,,,
,,,,,
724.148,4.8299,0,,,
Mascot MZ,MassHunter MZ,MZ Difference,Mascot RT,MassHunter RT,RT Difference
No match found,,,,,
,,,,,
724.148,4.9206,0,,,
Mascot MZ,MassHunter MZ,MZ Difference,Mascot RT,MassHunter RT,RT Difference
No match found,,,,,
,,,,,
724.148,4.9323,0,,,
Mascot MZ,MassHunter MZ,MZ Difference,Mascot RT,MassHunter RT,RT Difference
No match found,,,,,
,,,,,
724.148,5.0568,0,,,
Mascot MZ,MassHunter MZ,MZ Difference,Mascot RT,MassHunter RT,RT Difference
No match found,,,,,
,,,,,
849.7681,5.4208,0,,,
Mascot MZ,MassHunter MZ,MZ Difference,Mascot RT,MassHunter RT,RT Difference
No match found,,,,,
,,,,,
849.7681,5.4571,0,,,
Mascot MZ,MassHunter MZ,MZ Difference,Mascot RT,MassHunter RT,RT Difference
No match found,,,,,
,,,,,
887.4544,6.9755,0,,,
Mascot MZ,MassHunter MZ,MZ Difference,Mascot RT,MassHunter RT,RT Difference
No match found,,,,,
,,,,,
887.4544,6.9867,0,,,
Mascot MZ,MassHunter MZ,MZ Difference,Mascot RT,MassHunter RT,RT Difference
No match found,,,,,
,,,,,
887.9689,5.9228,0,,,
Mascot MZ,MassHunter MZ,MZ Difference,Mascot RT,MassHunter RT,RT Difference
No match found,,,,,
,,,,,
887.9689,5.931,0,,,
Mascot MZ,MassHunter MZ,MZ Difference,Mascot RT,MassHunter RT,RT Difference
No match found,,,,,
,,,,,
887.9689,6.0218,0,,,
Mascot MZ,MassHunter MZ,MZ Difference,Mascot RT,MassHunter RT,RT Difference
No match found,,,,,
,,,,,
887.9689,6.0346,0,,,
Mascot MZ,MassHunter MZ,MZ Difference,Mascot RT,MassHunter RT,RT Difference
No match found,,,,,
,,,,,
887.9689,6.1258,0,,,
Mascot MZ,MassHunter MZ,MZ Difference,Mascot RT,MassHunter RT,RT Difference
No match found,,,,,
,,,,,
887.9689,6.139,0,,,
Mascot MZ,MassHunter MZ,MZ Difference,Mascot RT,MassHunter RT,RT Difference
No match found,,,,,
,,,,,
887.9689,6.2323,0,,,
Mascot MZ,MassHunter MZ,MZ Difference,Mascot RT,MassHunter RT,RT Difference
No match found,,,,,
,,,,,
887.9689,6.2429,0,,,
Mascot MZ,MassHunter MZ,MZ Difference,Mascot RT,MassHunter RT,RT Difference
No match found,,,,,
,,,,,
887.9689,6.3331,0,,,
Mascot MZ,MassHunter MZ,MZ Difference,Mascot RT,MassHunter RT,RT Difference
No match found,,,,,
,,,,,
887.9689,6.349,0,,,
Mascot MZ,MassHunter MZ,MZ Difference,Mascot RT,MassHunter RT,RT Difference
No match found,,,,,
,,,,,
887.9689,7.4387,0,,,
Mascot MZ,MassHunter MZ,MZ Difference,Mascot RT,MassHunter RT,RT Difference
No match found,,,,,
,,,,,
887.9689,7.4603,0,,,
Mascot MZ,MassHunter MZ,MZ Difference,Mascot RT,MassHunter RT,RT Difference
No match found,,,,,
,,,,,
887.9689,7.5407,0,,,
Mascot MZ,MassHunter MZ,MZ Difference,Mascot RT,MassHunter RT,RT Difference
No match found,,,,,
,,,,,
887.9689,7.5574,0,,,
Mascot MZ,MassHunter MZ,MZ Difference,Mascot RT,MassHunter RT,RT Difference
No match found,,,,,
,,,,,
887.9689,7.6418,0,,,
Mascot MZ,MassHunter MZ,MZ Difference,Mascot RT,MassHunter RT,RT Difference
No match found,,,,,
,,,,,
887.9689,7.6639,0,,,
Mascot MZ,MassHunter MZ,MZ Difference,Mascot RT,MassHunter RT,RT Difference
No match found,,,,,
,,,,,
887.9689,7.7482,0,,,
Mascot MZ,MassHunter MZ,MZ Difference,Mascot RT,MassHunter RT,RT Difference
No match found,,,,,
,,,,,
887.9689,7.7714,0,,,
Mascot MZ,MassHunter MZ,MZ Difference,Mascot RT,MassHunter RT,RT Difference
No match found,,,,,
,,,,,
887.9689,7.882,0,,,
Mascot MZ,MassHunter MZ,MZ Difference,Mascot RT,MassHunter RT,RT Difference
No match found,,,,,
,,,,,
887.9689,7.9294,0,,,
Mascot MZ,MassHunter MZ,MZ Difference,Mascot RT,MassHunter RT,RT Difference
No match found,,,,,
,,,,,
887.9689,8.0261,0,,,
Mascot MZ,MassHunter MZ,MZ Difference,Mascot RT,MassHunter RT,RT Difference
No match found,,,,,
,,,,,
895.9665,5.3519,0,,,
Mascot MZ,MassHunter MZ,MZ Difference,Mascot RT,MassHunter RT,RT Difference
No match found,,,,,
,,,,,
895.9665,5.3605,0,,,
Mascot MZ,MassHunter MZ,MZ Difference,Mascot RT,MassHunter RT,RT Difference
No match found,,,,,
,,,,,
895.9665,5.4544,0,,,
Mascot MZ,MassHunter MZ,MZ Difference,Mascot RT,MassHunter RT,RT Difference
No match found,,,,,
,,,,,
895.9665,5.4652,0,,,
Mascot MZ,MassHunter MZ,MZ Difference,Mascot RT,MassHunter RT,RT Difference
No match found,,,,,
,,,,,
895.9665,5.562,0,,,
Mascot MZ,MassHunter MZ,MZ Difference,Mascot RT,MassHunter RT,RT Difference
No match found,,,,,
,,,,,
895.9665,5.5742,0,,,
Mascot MZ,MassHunter MZ,MZ Difference,Mascot RT,MassHunter RT,RT Difference
No match found,,,,,
,,,,,
895.9665,5.7092,0,,,
Mascot MZ,MassHunter MZ,MZ Difference,Mascot RT,MassHunter RT,RT Difference
No match found,,,,,
,,,,,
895.9665,5.7227,0,,,
Mascot MZ,MassHunter MZ,MZ Difference,Mascot RT,MassHunter RT,RT Difference
No match found,,,,,
,,,,,
895.9665,5.8094,0,,,
Mascot MZ,MassHunter MZ,MZ Difference,Mascot RT,MassHunter RT,RT Difference
No match found,,,,,
,,,,,
895.9665,5.8238,0,,,
Mascot MZ,MassHunter MZ,MZ Difference,Mascot RT,MassHunter RT,RT Difference
No match found,,,,,
,,,,,
895.9665,5.9117,0,,,
Mascot MZ,MassHunter MZ,MZ Difference,Mascot RT,MassHunter RT,RT Difference
No match found,,,,,
,,,,,
895.9665,5.921,0,,,
Mascot MZ,MassHunter MZ,MZ Difference,Mascot RT,MassHunter RT,RT Difference
No match found,,,,,
,,,,,
903.9606,4.8557,0,,,
Mascot MZ,MassHunter MZ,MZ Difference,Mascot RT,MassHunter RT,RT Difference
No match found,,,,,
,,,,,
903.9606,4.8665,0,,,
Mascot MZ,MassHunter MZ,MZ Difference,Mascot RT,MassHunter RT,RT Difference
No match found,,,,,
,,,,,
903.9606,5.336,0,,,
Mascot MZ,MassHunter MZ,MZ Difference,Mascot RT,MassHunter RT,RT Difference
No match found,,,,,
,,,,,
903.9606,5.3485,0,,,
Mascot MZ,MassHunter MZ,MZ Difference,Mascot RT,MassHunter RT,RT Difference
No match found,,,,,
,,,,,
903.9606,6.4174,0,,,
Mascot MZ,MassHunter MZ,MZ Difference,Mascot RT,MassHunter RT,RT Difference
No match found,,,,,
,,,,,
903.9606,6.4278,0,,,
Mascot MZ,MassHunter MZ,MZ Difference,Mascot RT,MassHunter RT,RT Difference
No match found,,,,,
,,,,,
917.1639,5.4665,0,,,
Mascot MZ,MassHunter MZ,MZ Difference,Mascot RT,MassHunter RT,RT Difference
No match found,,,,,
,,,,,
917.1639,5.4751,0,,,
Mascot MZ,MassHunter MZ,MZ Difference,Mascot RT,MassHunter RT,RT Difference
No match found,,,,,
,,,,,
917.1639,5.5726,0,,,
Mascot MZ,MassHunter MZ,MZ Difference,Mascot RT,MassHunter RT,RT Difference
No match found,,,,,
,,,,,
917.1639,5.583,0,,,
Mascot MZ,MassHunter MZ,MZ Difference,Mascot RT,MassHunter RT,RT Difference
No match found,,,,,
,,,,,
922.4949,5.1291,0,,,
Mascot MZ,MassHunter MZ,MZ Difference,Mascot RT,MassHunter RT,RT Difference
No match found,,,,,
,,,,,
922.4949,5.327,0,,,
Mascot MZ,MassHunter MZ,MZ Difference,Mascot RT,MassHunter RT,RT Difference
No match found,,,,,
,,,,,
923.4644,6.8313,0,,,
Mascot MZ,MassHunter MZ,MZ Difference,Mascot RT,MassHunter RT,RT Difference
No match found,,,,,
,,,,,
923.4644,6.8783,0,,,
Mascot MZ,MassHunter MZ,MZ Difference,Mascot RT,MassHunter RT,RT Difference
No match found,,,,,
,,,,,
923.4644,6.9717,0,,,
Mascot MZ,MassHunter MZ,MZ Difference,Mascot RT,MassHunter RT,RT Difference
No match found,,,,,
,,,,,
923.4644,6.9836,0,,,
Mascot MZ,MassHunter MZ,MZ Difference,Mascot RT,MassHunter RT,RT Difference
No match found,,,,,
,,,,,
923.4644,7.0767,0,,,
Mascot MZ,MassHunter MZ,MZ Difference,Mascot RT,MassHunter RT,RT Difference
No match found,,,,,
,,,,,
923.4644,7.0941,0,,,
Mascot MZ,MassHunter MZ,MZ Difference,Mascot RT,MassHunter RT,RT Difference
No match found,,,,,
,,,,,
923.4644,7.1831,0,,,
Mascot MZ,MassHunter MZ,MZ Difference,Mascot RT,MassHunter RT,RT Difference
No match found,,,,,
,,,,,
923.4644,7.1945,0,,,
Mascot MZ,MassHunter MZ,MZ Difference,Mascot RT,MassHunter RT,RT Difference
No match found,,,,,
,,,,,
923.4644,7.285,0,,,
Mascot MZ,MassHunter MZ,MZ Difference,Mascot RT,MassHunter RT,RT Difference
No match found,,,,,
,,,,,
923.4644,7.3012,0,,,
Mascot MZ,MassHunter MZ,MZ Difference,Mascot RT,MassHunter RT,RT Difference
No match found,,,,,
,,,,,
923.4644,7.4102,0,,,
Mascot MZ,MassHunter MZ,MZ Difference,Mascot RT,MassHunter RT,RT Difference
No match found,,,,,
,,,,,
923.4644,7.4276,0,,,
Mascot MZ,MassHunter MZ,MZ Difference,Mascot RT,MassHunter RT,RT Difference
No match found,,,,,
,,,,,
923.4644,7.5128,0,,,
Mascot MZ,MassHunter MZ,MZ Difference,Mascot RT,MassHunter RT,RT Difference
No match found,,,,,
,,,,,
923.4644,7.5299,0,,,
Mascot MZ,MassHunter MZ,MZ Difference,Mascot RT,MassHunter RT,RT Difference
No match found,,,,,
,,,,,
923.4644,7.6142,0,,,
Mascot MZ,MassHunter MZ,MZ Difference,Mascot RT,MassHunter RT,RT Difference
No match found,,,,,
,,,,,
923.4644,7.6319,0,,,
Mascot MZ,MassHunter MZ,MZ Difference,Mascot RT,MassHunter RT,RT Difference
No match found,,,,,
,,,,,
923.4644,7.7207,0,,,
Mascot MZ,MassHunter MZ,MZ Difference,Mascot RT,MassHunter RT,RT Difference
No match found,,,,,
,,,,,
923.4644,7.7371,0,,,
Mascot MZ,MassHunter MZ,MZ Difference,Mascot RT,MassHunter RT,RT Difference
No match found,,,,,
,,,,,
923.4644,7.8353,0,,,
Mascot MZ,MassHunter MZ,MZ Difference,Mascot RT,MassHunter RT,RT Difference
No match found,,,,,
,,,,,
923.4644,7.853,0,,,
Mascot MZ,MassHunter MZ,MZ Difference,Mascot RT,MassHunter RT,RT Difference
No match found,,,,,
,,,,,
923.4644,7.9536,0,,,
Mascot MZ,MassHunter MZ,MZ Difference,Mascot RT,MassHunter RT,RT Difference
No match found,,,,,
,,,,,
923.4644,7.972,0,,,
Mascot MZ,MassHunter MZ,MZ Difference,Mascot RT,MassHunter RT,RT Difference
No match found,,,,,
,,,,,
928.4634,7.1498,0,,,
Mascot MZ,MassHunter MZ,MZ Difference,Mascot RT,MassHunter RT,RT Difference
No match found,,,,,
,,,,,
928.7964,6.4905,0,,,
Mascot MZ,MassHunter MZ,MZ Difference,Mascot RT,MassHunter RT,RT Difference
No match found,,,,,
,,,,,
928.7964,6.4999,0,,,
Mascot MZ,MassHunter MZ,MZ Difference,Mascot RT,MassHunter RT,RT Difference
No match found,,,,,
,,,,,
928.7964,6.5958,0,,,
Mascot MZ,MassHunter MZ,MZ Difference,Mascot RT,MassHunter RT,RT Difference
No match found,,,,,
,,,,,
928.7964,6.6083,0,,,
Mascot MZ,MassHunter MZ,MZ Difference,Mascot RT,MassHunter RT,RT Difference
No match found,,,,,
,,,,,
928.7964,6.7052,0,,,
Mascot MZ,MassHunter MZ,MZ Difference,Mascot RT,MassHunter RT,RT Difference
No match found,,,,,
,,,,,
928.7964,6.7396,0,,,
Mascot MZ,MassHunter MZ,MZ Difference,Mascot RT,MassHunter RT,RT Difference
No match found,,,,,
,,,,,
928.7964,6.8301,0,,,
Mascot MZ,MassHunter MZ,MZ Difference,Mascot RT,MassHunter RT,RT Difference
No match found,,,,,
,,,,,
928.7964,6.8421,0,,,
Mascot MZ,MassHunter MZ,MZ Difference,Mascot RT,MassHunter RT,RT Difference
No match found,,,,,
,,,,,
928.7964,7.0478,0,,,
Mascot MZ,MassHunter MZ,MZ Difference,Mascot RT,MassHunter RT,RT Difference
No match found,,,,,
,,,,,
928.7964,7.0678,0,,,
Mascot MZ,MassHunter MZ,MZ Difference,Mascot RT,MassHunter RT,RT Difference
No match found,,,,,
,,,,,
928.7964,7.9831,0,,,
Mascot MZ,MassHunter MZ,MZ Difference,Mascot RT,MassHunter RT,RT Difference
No match found,,,,,
,,,,,
928.7964,8.0074,0,,,
Mascot MZ,MassHunter MZ,MZ Difference,Mascot RT,MassHunter RT,RT Difference
No match found,,,,,
,,,,,
934.1269,6.1039,0,,,
Mascot MZ,MassHunter MZ,MZ Difference,Mascot RT,MassHunter RT,RT Difference
No match found,,,,,
,,,,,
934.1269,6.1174,0,,,
Mascot MZ,MassHunter MZ,MZ Difference,Mascot RT,MassHunter RT,RT Difference
No match found,,,,,
,,,,,
934.1269,6.2066,0,,,
Mascot MZ,MassHunter MZ,MZ Difference,Mascot RT,MassHunter RT,RT Difference
No match found,,,,,
,,,,,
934.1269,6.2158,0,,,
Mascot MZ,MassHunter MZ,MZ Difference,Mascot RT,MassHunter RT,RT Difference
No match found,,,,,
,,,,,
934.1269,6.3376,0,,,
Mascot MZ,MassHunter MZ,MZ Difference,Mascot RT,MassHunter RT,RT Difference
No match found,,,,,
,,,,,
934.1269,6.3469,0,,,
Mascot MZ,MassHunter MZ,MZ Difference,Mascot RT,MassHunter RT,RT Difference
No match found,,,,,
,,,,,
934.1269,6.4434,0,,,
Mascot MZ,MassHunter MZ,MZ Difference,Mascot RT,MassHunter RT,RT Difference
No match found,,,,,
,,,,,
934.1269,6.4565,0,,,
Mascot MZ,MassHunter MZ,MZ Difference,Mascot RT,MassHunter RT,RT Difference
No match found,,,,,
,,,,,
934.1269,6.5477,0,,,
Mascot MZ,MassHunter MZ,MZ Difference,Mascot RT,MassHunter RT,RT Difference
No match found,,,,,
,,,,,
934.1269,6.56,0,,,
Mascot MZ,MassHunter MZ,MZ Difference,Mascot RT,MassHunter RT,RT Difference
No match found,,,,,
,,,,,
934.1269,6.7668,0,,,
Mascot MZ,MassHunter MZ,MZ Difference,Mascot RT,MassHunter RT,RT Difference
No match found,,,,,
,,,,,
934.1269,6.7789,0,,,
Mascot MZ,MassHunter MZ,MZ Difference,Mascot RT,MassHunter RT,RT Difference
No match found,,,,,
,,,,,
934.1269,7.1964,0,,,
Mascot MZ,MassHunter MZ,MZ Difference,Mascot RT,MassHunter RT,RT Difference
No match found,,,,,
,,,,,
934.1269,7.208,0,,,
Mascot MZ,MassHunter MZ,MZ Difference,Mascot RT,MassHunter RT,RT Difference
No match found,,,,,
,,,,,
939.4606,6.2042,0,,,
Mascot MZ,MassHunter MZ,MZ Difference,Mascot RT,MassHunter RT,RT Difference
No match found,,,,,
,,,,,
939.4606,6.3611,0,,,
Mascot MZ,MassHunter MZ,MZ Difference,Mascot RT,MassHunter RT,RT Difference
No match found,,,,,
,,,,,
939.4606,6.4526,0,,,
Mascot MZ,MassHunter MZ,MZ Difference,Mascot RT,MassHunter RT,RT Difference
No match found,,,,,
,,,,,
939.4606,6.4695,0,,,
Mascot MZ,MassHunter MZ,MZ Difference,Mascot RT,MassHunter RT,RT Difference
No match found,,,,,
,,,,,
944.7914,6.0742,0,,,
Mascot MZ,MassHunter MZ,MZ Difference,Mascot RT,MassHunter RT,RT Difference
No match found,,,,,
,,,,,
944.7914,6.088,0,,,
Mascot MZ,MassHunter MZ,MZ Difference,Mascot RT,MassHunter RT,RT Difference
No match found,,,,,
,,,,,
959.8628,5.0469,0,,,
Mascot MZ,MassHunter MZ,MZ Difference,Mascot RT,MassHunter RT,RT Difference
No match found,,,,,
,,,,,
959.8628,5.0557,0,,,
Mascot MZ,MassHunter MZ,MZ Difference,Mascot RT,MassHunter RT,RT Difference
No match found,,,,,
,,,,,
959.8628,5.1504,0,,,
Mascot MZ,MassHunter MZ,MZ Difference,Mascot RT,MassHunter RT,RT Difference
No match found,,,,,
,,,,,
965.1928,4.8079,0,,,
Mascot MZ,MassHunter MZ,MZ Difference,Mascot RT,MassHunter RT,RT Difference
No match found,,,,,
,,,,,
965.1928,4.922,0,,,
Mascot MZ,MassHunter MZ,MZ Difference,Mascot RT,MassHunter RT,RT Difference
No match found,,,,,
,,,,,
1031.4791,5.552,0,,,
Mascot MZ,MassHunter MZ,MZ Difference,Mascot RT,MassHunter RT,RT Difference
No match found,,,,,
,,,,,
1031.4791,5.5633,0,,,
Mascot MZ,MassHunter MZ,MZ Difference,Mascot RT,MassHunter RT,RT Difference
No match found,,,,,
,,,,,
1031.9947,4.4214,0,,,
Mascot MZ,MassHunter MZ,MZ Difference,Mascot RT,MassHunter RT,RT Difference
No match found,,,,,
,,,,,
1031.9947,4.4306,0,,,
Mascot MZ,MassHunter MZ,MZ Difference,Mascot RT,MassHunter RT,RT Difference
No match found,,,,,
,,,,,
1031.9947,4.5302,0,,,
Mascot MZ,MassHunter MZ,MZ Difference,Mascot RT,MassHunter RT,RT Difference
No match found,,,,,
,,,,,
1031.9947,4.5423,0,,,
Mascot MZ,MassHunter MZ,MZ Difference,Mascot RT,MassHunter RT,RT Difference
No match found,,,,,
,,,,,
1031.9947,4.6412,0,,,
Mascot MZ,MassHunter MZ,MZ Difference,Mascot RT,MassHunter RT,RT Difference
No match found,,,,,
,,,,,
1031.9947,4.6511,0,,,
Mascot MZ,MassHunter MZ,MZ Difference,Mascot RT,MassHunter RT,RT Difference
No match found,,,,,
,,,,,
1031.9947,4.7488,0,,,
Mascot MZ,MassHunter MZ,MZ Difference,Mascot RT,MassHunter RT,RT Difference
No match found,,,,,
,,,,,
1031.9947,4.7584,0,,,
Mascot MZ,MassHunter MZ,MZ Difference,Mascot RT,MassHunter RT,RT Difference
No match found,,,,,
,,,,,
1032.4882,4.5899,0,,,
Mascot MZ,MassHunter MZ,MZ Difference,Mascot RT,MassHunter RT,RT Difference
No match found,,,,,
,,,,,
1032.4882,4.5994,0,,,
Mascot MZ,MassHunter MZ,MZ Difference,Mascot RT,MassHunter RT,RT Difference
No match found,,,,,
,,,,,
1032.4882,4.769,0,,,
Mascot MZ,MassHunter MZ,MZ Difference,Mascot RT,MassHunter RT,RT Difference
No match found,,,,,
,,,,,
1032.4882,4.7792,0,,,
Mascot MZ,MassHunter MZ,MZ Difference,Mascot RT,MassHunter RT,RT Difference
No match found,,,,,
,,,,,
1039.9913,4.2661,0,,,
Mascot MZ,MassHunter MZ,MZ Difference,Mascot RT,MassHunter RT,RT Difference
No match found,,,,,
,,,,,
1039.9913,4.278,0,,,
Mascot MZ,MassHunter MZ,MZ Difference,Mascot RT,MassHunter RT,RT Difference
No match found,,,,,
,,,,,
1039.9913,4.3669,0,,,
Mascot MZ,MassHunter MZ,MZ Difference,Mascot RT,MassHunter RT,RT Difference
No match found,,,,,
,,,,,
1039.9913,4.3774,0,,,
Mascot MZ,MassHunter MZ,MZ Difference,Mascot RT,MassHunter RT,RT Difference
No match found,,,,,
,,,,,
1039.9913,4.4723,0,,,
Mascot MZ,MassHunter MZ,MZ Difference,Mascot RT,MassHunter RT,RT Difference
No match found,,,,,
,,,,,
1039.9913,4.4824,0,,,
Mascot MZ,MassHunter MZ,MZ Difference,Mascot RT,MassHunter RT,RT Difference
No match found,,,,,
,,,,,
1039.9913,4.5773,0,,,
Mascot MZ,MassHunter MZ,MZ Difference,Mascot RT,MassHunter RT,RT Difference
No match found,,,,,
,,,,,
1039.9913,4.5907,0,,,
Mascot MZ,MassHunter MZ,MZ Difference,Mascot RT,MassHunter RT,RT Difference
No match found,,,,,
,,,,,
1208.0885,7.1466,0,,,
Mascot MZ,MassHunter MZ,MZ Difference,Mascot RT,MassHunter RT,RT Difference
No match found,,,,,
,,,,,
1375.2418,5.5047,0,,,
Mascot MZ,MassHunter MZ,MZ Difference,Mascot RT,MassHunter RT,RT Difference
No match found,,,,,
,,,,,
1375.2418,5.5136,0,,,
Mascot MZ,MassHunter MZ,MZ Difference,Mascot RT,MassHunter RT,RT Difference
No match found,,,,,
,,,,,
1384.6908,6.8794,0,,,
Mascot MZ,MassHunter MZ,MZ Difference,Mascot RT,MassHunter RT,RT Difference
No match found,,,,,
,,,,,
1384.6908,6.8895,0,,,
Mascot MZ,MassHunter MZ,MZ Difference,Mascot RT,MassHunter RT,RT Difference
No match found,,,,,
,,,,,
1384.6908,6.9843,0,,,
Mascot MZ,MassHunter MZ,MZ Difference,Mascot RT,MassHunter RT,RT Difference
No match found,,,,,
,,,,,
1384.6908,6.995,0,,,
Mascot MZ,MassHunter MZ,MZ Difference,Mascot RT,MassHunter RT,RT Difference
No match found,,,,,
,,,,,
1384.6908,7.0965,0,,,
Mascot MZ,MassHunter MZ,MZ Difference,Mascot RT,MassHunter RT,RT Difference
No match found,,,,,
,,,,,
1384.6908,7.1114,0,,,
Mascot MZ,MassHunter MZ,MZ Difference,Mascot RT,MassHunter RT,RT Difference
No match found,,,,,
,,,,,
1384.6908,7.2129,0,,,
Mascot MZ,MassHunter MZ,MZ Difference,Mascot RT,MassHunter RT,RT Difference
No match found,,,,,
,,,,,
1384.6908,7.2254,0,,,
Mascot MZ,MassHunter MZ,MZ Difference,Mascot RT,MassHunter RT,RT Difference
No match found,,,,,
,,,,,
1384.6908,7.3185,0,,,
Mascot MZ,MassHunter MZ,MZ Difference,Mascot RT,MassHunter RT,RT Difference
No match found,,,,,
,,,,,
1384.6908,7.3346,0,,,
Mascot MZ,MassHunter MZ,MZ Difference,Mascot RT,MassHunter RT,RT Difference
No match found,,,,,
,,,,,
1384.6908,7.4498,0,,,
Mascot MZ,MassHunter MZ,MZ Difference,Mascot RT,MassHunter RT,RT Difference
No match found,,,,,
,,,,,
1384.6908,7.4716,0,,,
Mascot MZ,MassHunter MZ,MZ Difference,Mascot RT,MassHunter RT,RT Difference
No match found,,,,,
,,,,,
1384.6908,7.5521,0,,,
Mascot MZ,MassHunter MZ,MZ Difference,Mascot RT,MassHunter RT,RT Difference
No match found,,,,,
,,,,,
1384.6908,7.5743,0,,,
Mascot MZ,MassHunter MZ,MZ Difference,Mascot RT,MassHunter RT,RT Difference
No match found,,,,,
,,,,,
1384.6908,7.6529,0,,,
Mascot MZ,MassHunter MZ,MZ Difference,Mascot RT,MassHunter RT,RT Difference
No match found,,,,,
,,,,,
1384.6908,7.6751,0,,,
Mascot MZ,MassHunter MZ,MZ Difference,Mascot RT,MassHunter RT,RT Difference
No match found,,,,,
,,,,,
1384.6908,7.7603,0,,,
Mascot MZ,MassHunter MZ,MZ Difference,Mascot RT,MassHunter RT,RT Difference
No match found,,,,,
,,,,,
1384.6908,7.784,0,,,
Mascot MZ,MassHunter MZ,MZ Difference,Mascot RT,MassHunter RT,RT Difference
No match found,,,,,
,,,,,
1384.6908,7.8764,0,,,
Mascot MZ,MassHunter MZ,MZ Difference,Mascot RT,MassHunter RT,RT Difference
No match found,,,,,
,,,,,
1384.6908,7.9007,0,,,
Mascot MZ,MassHunter MZ,MZ Difference,Mascot RT,MassHunter RT,RT Difference
No match found,,,,,
,,,,,
1384.6908,7.9963,0,,,
Mascot MZ,MassHunter MZ,MZ Difference,Mascot RT,MassHunter RT,RT Difference
No match found,,,,,
,,,,,
1384.6908,8.0206,0,,,
Mascot MZ,MassHunter MZ,MZ Difference,Mascot RT,MassHunter RT,RT Difference
No match found,,,,,
,,,,,
1392.6883,6.5012,0,,,
Mascot MZ,MassHunter MZ,MZ Difference,Mascot RT,MassHunter RT,RT Difference
No match found,,,,,
,,,,,
1392.6883,6.5111,0,,,
Mascot MZ,MassHunter MZ,MZ Difference,Mascot RT,MassHunter RT,RT Difference
No match found,,,,,
,,,,,
1392.6883,6.6099,0,,,
Mascot MZ,MassHunter MZ,MZ Difference,Mascot RT,MassHunter RT,RT Difference
No match found,,,,,
,,,,,
1392.6883,6.6245,0,,,
Mascot MZ,MassHunter MZ,MZ Difference,Mascot RT,MassHunter RT,RT Difference
No match found,,,,,
,,,,,
1392.6883,6.7514,0,,,
Mascot MZ,MassHunter MZ,MZ Difference,Mascot RT,MassHunter RT,RT Difference
No match found,,,,,
,,,,,
1392.6883,6.7686,0,,,
Mascot MZ,MassHunter MZ,MZ Difference,Mascot RT,MassHunter RT,RT Difference
No match found,,,,,
,,,,,
1392.6883,6.8583,0,,,
Mascot MZ,MassHunter MZ,MZ Difference,Mascot RT,MassHunter RT,RT Difference
No match found,,,,,
,,,,,
1392.6883,6.8682,0,,,
Mascot MZ,MassHunter MZ,MZ Difference,Mascot RT,MassHunter RT,RT Difference
No match found,,,,,
,,,,,
1392.6883,7.0302,0,,,
Mascot MZ,MassHunter MZ,MZ Difference,Mascot RT,MassHunter RT,RT Difference
No match found,,,,,
,,,,,
,,
Summarizing Match Data,,
Matched Mzs,Matched RTs,Count
665.3385,5.1372,1
