506.5915,625,
Mascot_mz,MassHunter_mz,Difference
506.5915,506.5274,0.06407992
506.5915,506.553,0.03850735
506.5915,506.554,0.03749729
506.5915,506.5552,0.03630713
506.5915,506.5563,0.03515663
506.5915,506.5582,0.03329443
506.5915,506.559,0.03245765
506.5915,506.5594,0.03209949
506.5915,506.5602,0.03133655
506.5915,506.5619,0.02961637
506.5915,506.5688,0.02268961
506.5915,506.5695,0.02199053
506.5915,506.5697,0.02180747
506.5915,506.5729,0.01860894
506.5915,506.5758,0.01567641
506.5915,506.5769,0.01458779
506.5915,506.5772,0.01433813
506.5915,506.5773,0.01424201
506.5915,506.5774,0.01411478
506.5915,506.578,0.01352411
506.5915,506.5781,0.01341087
506.5915,506.5783,0.01319497
506.5915,506.5786,0.01294965
506.5915,506.5787,0.01280542
506.5915,506.5789,0.01263197
506.5915,506.579,0.01249001
506.5915,506.5791,0.01244579
506.5915,506.5795,0.01198055
506.5915,506.5796,0.01192948
506.5915,506.5796,0.01189084
506.5915,506.5798,0.01169931
506.5915,506.5798,0.01166607
506.5915,506.5799,0.01161745
506.5915,506.5799,0.01161535
506.5915,506.58,0.01150287
506.5915,506.5801,0.01143949
506.5915,506.5801,0.01140266
506.5915,506.5801,0.01139724
506.5915,506.5803,0.01115011
506.5915,506.5804,0.01107295
506.5915,506.5805,0.0110112
506.5915,506.5805,0.010998
506.5915,506.5807,0.01080862
506.5915,506.5807,0.01078447
506.5915,506.5808,0.01071564
506.5915,506.5808,0.01070971
506.5915,506.5811,0.01041301
506.5915,506.5812,0.01028439
506.5915,506.5812,0.01025866
506.5915,506.5813,0.01023468
506.5915,506.5813,0.01018928
506.5915,506.5813,0.0101853
506.5915,506.5814,0.01014421
506.5915,506.5814,0.01011564
506.5915,506.5815,0.01001257
506.5915,506.5815,0.00997704
506.5915,506.5815,0.00997367
506.5915,506.5817,0.009809924
506.5915,506.5817,0.009796696
506.5915,506.5817,0.009763408
506.5915,506.5817,0.009756074
506.5915,506.5818,0.009735821
506.5915,506.5818,0.009705344
506.5915,506.5818,0.009660201
506.5915,506.5818,0.009659691
506.5915,506.5819,0.0096084
506.5915,506.5819,0.009597116
506.5915,506.582,0.009515576
506.5915,506.582,0.009507901
506.5915,506.582,0.009473575
506.5915,506.5821,0.009443237
506.5915,506.5821,0.009351744
506.5915,506.5822,0.00930027
506.5915,506.5822,0.009272517
506.5915,506.5823,0.009196938
506.5915,506.5823,0.009188129
506.5915,506.5823,0.0091545
506.5915,506.5823,0.00915128
506.5915,506.5824,0.009079638
506.5915,506.5824,0.009078755
506.5915,506.5825,0.009013647
506.5915,506.5825,0.008970034
506.5915,506.5826,0.008904505
506.5915,506.5826,0.008882485
506.5915,506.5827,0.008775601
506.5915,506.5827,0.00877016
506.5915,506.5827,0.008767243
506.5915,506.5827,0.008762354
506.5915,506.5828,0.008741332
506.5915,506.5828,0.008689657
506.5915,506.5828,0.008684335
506.5915,506.5829,0.008647997
506.5915,506.5829,0.00862928
506.5915,506.5829,0.008612743
506.5915,506.5829,0.008578975
506.5915,506.5829,0.008573557
506.5915,506.5829,0.008555212
506.5915,506.583,0.008539628
506.5915,506.583,0.008527822
506.5915,506.583,0.00847272
506.5915,506.583,0.008466774
506.5915,506.583,0.008457512
506.5915,506.5831,0.008441665
506.5915,506.5831,0.008355332
506.5915,506.5831,0.008351956
506.5915,506.5832,0.008341786
506.5915,506.5833,0.008247021
506.5915,506.5833,0.008221238
506.5915,506.5833,0.008204604
506.5915,506.5833,0.008153543
506.5915,506.5834,0.008135231
506.5915,506.5834,0.008128116
506.5915,506.5834,0.008109061
506.5915,506.5834,0.008074785
506.5915,506.5835,0.00803796
506.5915,506.5835,0.008023324
506.5915,506.5835,0.008017737
506.5915,506.5835,0.007960527
506.5915,506.5836,0.007889692
506.5915,506.5836,0.007874579
506.5915,506.5836,0.007868201
506.5915,506.5836,0.007866576
506.5915,506.5837,0.007833571
506.5915,506.5837,0.007752627
506.5915,506.5838,0.007711088
506.5915,506.5838,0.007697883
506.5915,506.5838,0.007655081
506.5915,506.5839,0.007613352
506.5915,506.5839,0.007589578
506.5915,506.5839,0.007568042
506.5915,506.584,0.007511653
506.5915,506.584,0.007463947
506.5915,506.584,0.007457276
506.5915,506.5841,0.007439318
506.5915,506.5841,0.007428914
506.5915,506.5841,0.007397241
506.5915,506.5841,0.007352154
506.5915,506.5842,0.007327901
506.5915,506.5842,0.0073076
506.5915,506.5842,0.007264894
506.5915,506.5842,0.007254004
506.5915,506.5843,0.007223299
506.5915,506.5843,0.007169555
506.5915,506.5844,0.007146673
506.5915,506.5844,0.007111986
506.5915,506.5844,0.007102782
506.5915,506.5844,0.007089927
506.5915,506.5845,0.007034384
506.5915,506.5845,0.007022607
506.5915,506.5845,0.007012487
506.5915,506.5845,0.007005756
506.5915,506.5845,0.006961004
506.5915,506.5845,0.006960505
506.5915,506.5846,0.006946204
506.5915,506.5846,0.006922723
506.5915,506.5846,0.006887705
506.5915,506.5846,0.006878778
506.5915,506.5846,0.006877328
506.5915,506.5846,0.006877238
506.5915,506.5846,0.006861776
506.5915,506.5846,0.006851229
506.5915,506.5847,0.006832211
506.5915,506.5847,0.006819657
506.5915,506.5847,0.006813393
506.5915,506.5847,0.006812997
506.5915,506.5847,0.006809511
506.5915,506.5847,0.006796143
506.5915,506.5847,0.006775815
506.5915,506.5847,0.0067741
506.5915,506.5847,0.006763976
506.5915,506.5848,0.006715447
506.5915,506.5848,0.00670322
506.5915,506.5848,0.006673387
506.5915,506.5848,0.006661214
506.5915,506.5848,0.006659603
506.5915,506.5849,0.006647641
506.5915,506.5849,0.006644298
506.5915,506.5849,0.006643309
506.5915,506.5849,0.006639242
506.5915,506.5849,0.006569341
506.5915,506.5849,0.006554283
506.5915,506.585,0.006532185
506.5915,506.585,0.006509631
506.5915,506.585,0.006502263
506.5915,506.585,0.00648735
506.5915,506.585,0.006462826
506.5915,506.585,0.006451021
506.5915,506.5851,0.006449422
506.5915,506.5851,0.006441979
506.5915,506.5851,0.006436042
506.5915,506.5851,0.006407555
506.5915,506.5851,0.006381784
506.5915,506.5851,0.006375042
506.5915,506.5852,0.006349365
506.5915,506.5852,0.006344303
506.5915,506.5852,0.006343938
506.5915,506.5852,0.006319517
506.5915,506.5852,0.006315901
506.5915,506.5852,0.006308379
506.5915,506.5852,0.006295602
506.5915,506.5852,0.006286582
506.5915,506.5852,0.006275515
506.5915,506.5852,0.006272851
506.5915,506.5852,0.006264371
506.5915,506.5852,0.006261422
506.5915,506.5852,0.006257296
506.5915,506.5853,0.006247978
506.5915,506.5853,0.006222204
506.5915,506.5853,0.00621763
506.5915,506.5853,0.006215643
506.5915,506.5853,0.006213346
506.5915,506.5853,0.006211839
506.5915,506.5853,0.006210916
506.5915,506.5853,0.006209668
506.5915,506.5853,0.006202329
506.5915,506.5853,0.006190132
506.5915,506.5853,0.00618867
506.5915,506.5853,0.006187583
506.5915,506.5853,0.006181143
506.5915,506.5853,0.00616934
506.5915,506.5853,0.00616695
506.5915,506.5854,0.006134999
506.5915,506.5854,0.00611905
506.5915,506.5854,0.006110448
506.5915,506.5854,0.006095191
506.5915,506.5854,0.006075609
506.5915,506.5854,0.006064928
506.5915,506.5854,0.006061998
506.5915,506.5855,0.006039263
506.5915,506.5855,0.006029403
506.5915,506.5855,0.006016463
506.5915,506.5855,0.006010811
506.5915,506.5855,0.006004379
506.5915,506.5855,0.006000713
506.5915,506.5855,0.005997161
506.5915,506.5855,0.005993363
506.5915,506.5855,0.005992783
506.5915,506.5855,0.005988795
506.5915,506.5855,0.005975593
506.5915,506.5855,0.005962827
506.5915,506.5855,0.005951467
506.5915,506.5856,0.005938427
506.5915,506.5856,0.005934516
506.5915,506.5856,0.005926303
506.5915,506.5856,0.005924854
506.5915,506.5856,0.005916781
506.5915,506.5856,0.005916573
506.5915,506.5856,0.005912658
506.5915,506.5856,0.005912363
506.5915,506.5856,0.005911101
506.5915,506.5856,0.005909826
506.5915,506.5856,0.005901408
506.5915,506.5856,0.005900571
506.5915,506.5856,0.005891783
506.5915,506.5856,0.005883118
506.5915,506.5856,0.00588233
506.5915,506.5856,0.005877844
506.5915,506.5856,0.005863057
506.5915,506.5856,0.005860266
506.5915,506.5856,0.005857085
506.5915,506.5856,0.005856043
506.5915,506.5857,0.0058477
506.5915,506.5857,0.005844431
506.5915,506.5857,0.005843972
506.5915,506.5857,0.005843183
506.5915,506.5857,0.005830585
506.5915,506.5857,0.005830468
506.5915,506.5857,0.005828012
506.5915,506.5857,0.005825655
506.5915,506.5857,0.005802235
506.5915,506.5857,0.005800439
506.5915,506.5857,0.00579689
506.5915,506.5857,0.005794464
506.5915,506.5857,0.005788821
506.5915,506.5857,0.005787705
506.5915,506.5857,0.005778926
506.5915,506.5857,0.005769216
506.5915,506.5857,0.005754796
506.5915,506.5858,0.005742655
506.5915,506.5858,0.00573643
506.5915,506.5858,0.005733992
506.5915,506.5858,0.005732786
506.5915,506.5858,0.005709346
506.5915,506.5858,0.005707981
506.5915,506.5858,0.005688448
506.5915,506.5858,0.005682521
506.5915,506.5858,0.005682229
506.5915,506.5858,0.005674319
506.5915,506.5858,0.005672848
506.5915,506.5858,0.005669657
506.5915,506.5858,0.005668808
506.5915,506.5858,0.00566482
506.5915,506.5858,0.005664638
506.5915,506.5858,0.005658787
506.5915,506.5858,0.005655807
506.5915,506.5858,0.005652768
506.5915,506.5858,0.00565039
506.5915,506.5859,0.005637992
506.5915,506.5859,0.005632888
506.5915,506.5859,0.005630118
506.5915,506.5859,0.005622032
506.5915,506.5859,0.005613628
506.5915,506.5859,0.005608346
506.5915,506.5859,0.005594348
506.5915,506.5859,0.005591581
506.5915,506.5859,0.005591043
506.5915,506.5859,0.005588565
506.5915,506.5859,0.005586266
506.5915,506.5859,0.005585644
506.5915,506.5859,0.005579773
506.5915,506.5859,0.005579615
506.5915,506.5859,0.005579493
506.5915,506.5859,0.005574172
506.5915,506.5859,0.005563889
506.5915,506.5859,0.005559599
506.5915,506.586,0.005542104
506.5915,506.586,0.00554147
506.5915,506.586,0.005537713
506.5915,506.586,0.005535553
506.5915,506.586,0.005521071
506.5915,506.586,0.005519381
506.5915,506.586,0.005513217
506.5915,506.586,0.005493016
506.5915,506.586,0.005484508
506.5915,506.586,0.005479809
506.5915,506.586,0.005479683
506.5915,506.586,0.005477466
506.5915,506.586,0.005473968
506.5915,506.586,0.005471432
506.5915,506.586,0.005469142
506.5915,506.586,0.005467718
506.5915,506.586,0.005465444
506.5915,506.586,0.005453985
506.5915,506.586,0.005453522
506.5915,506.5861,0.005443608
506.5915,506.5861,0.005435874
506.5915,506.5861,0.005429657
506.5915,506.5861,0.005427319
506.5915,506.5861,0.005423457
506.5915,506.5861,0.005419842
506.5915,506.5861,0.005417413
506.5915,506.5861,0.005416456
506.5915,506.5861,0.005405325
506.5915,506.5861,0.005401763
506.5915,506.5861,0.005391889
506.5915,506.5861,0.005390552
506.5915,506.5861,0.005378772
506.5915,506.5861,0.005370229
506.5915,506.5861,0.005368738
506.5915,506.5861,0.005363717
506.5915,506.5861,0.005358714
506.5915,506.5861,0.005358035
506.5915,506.5861,0.005356321
506.5915,506.5861,0.005354012
506.5915,506.5861,0.005352995
506.5915,506.5862,0.005347428
506.5915,506.5862,0.005343496
506.5915,506.5862,0.005340911
506.5915,506.5862,0.005338724
506.5915,506.5862,0.00533856
506.5915,506.5862,0.005334367
506.5915,506.5862,0.005333544
506.5915,506.5862,0.005322685
506.5915,506.5862,0.005321633
506.5915,506.5862,0.00531377
506.5915,506.5862,0.005311502
506.5915,506.5862,0.005306197
506.5915,506.5862,0.005287193
506.5915,506.5862,0.005279136
506.5915,506.5862,0.00527771
506.5915,506.5862,0.005264486
506.5915,506.5862,0.005261795
506.5915,506.5862,0.005259327
506.5915,506.5862,0.005257036
506.5915,506.5862,0.005252145
506.5915,506.5863,0.005249835
506.5915,506.5863,0.005244407
506.5915,506.5863,0.005243014
506.5915,506.5863,0.005235107
506.5915,506.5863,0.005234397
506.5915,506.5863,0.005232134
506.5915,506.5863,0.005224352
506.5915,506.5863,0.005223905
506.5915,506.5863,0.0052188
506.5915,506.5863,0.005216645
506.5915,506.5863,0.005209937
506.5915,506.5863,0.00520774
506.5915,506.5863,0.005205017
506.5915,506.5863,0.005197473
506.5915,506.5863,0.005193253
506.5915,506.5863,0.00519093
506.5915,506.5863,0.005188048
506.5915,506.5863,0.005187274
506.5915,506.5863,0.005176211
506.5915,506.5863,0.005173126
506.5915,506.5863,0.005164687
506.5915,506.5863,0.005162327
506.5915,506.5863,0.005162309
506.5915,506.5863,0.005162256
506.5915,506.5863,0.00515074
506.5915,506.5863,0.005150039
506.5915,506.5864,0.005141779
506.5915,506.5864,0.005135355
506.5915,506.5864,0.005127019
506.5915,506.5864,0.005126418
506.5915,506.5864,0.005124381
506.5915,506.5864,0.005122871
506.5915,506.5864,0.005119159
506.5915,506.5864,0.005113847
506.5915,506.5864,0.005109543
506.5915,506.5864,0.00510428
506.5915,506.5864,0.005103789
506.5915,506.5864,0.005094545
506.5915,506.5864,0.005093497
506.5915,506.5864,0.005092192
506.5915,506.5864,0.005089459
506.5915,506.5864,0.005088862
506.5915,506.5864,0.005088832
506.5915,506.5864,0.005087804
506.5915,506.5864,0.005071818
506.5915,506.5864,0.005069279
506.5915,506.5864,0.005062724
506.5915,506.5864,0.005060906
506.5915,506.5864,0.005053235
506.5915,506.5865,0.005049504
506.5915,506.5865,0.005049208
506.5915,506.5865,0.005045786
506.5915,506.5865,0.00504258
506.5915,506.5865,0.00504155
506.5915,506.5865,0.005039467
506.5915,506.5865,0.005018919
506.5915,506.5865,0.005014152
506.5915,506.5865,0.005010516
506.5915,506.5865,0.005007176
506.5915,506.5865,0.005003293
506.5915,506.5865,0.004998632
506.5915,506.5865,0.004990567
506.5915,506.5865,0.004980916
506.5915,506.5865,0.004980318
506.5915,506.5865,0.004979441
506.5915,506.5865,0.00497943
506.5915,506.5865,0.004975656
506.5915,506.5865,0.004975473
506.5915,506.5865,0.004965399
506.5915,506.5866,0.004945536
506.5915,506.5866,0.004944581
506.5915,506.5866,0.004940127
506.5915,506.5866,0.00491586
506.5915,506.5866,0.004915729
506.5915,506.5866,0.004911949
506.5915,506.5866,0.004903943
506.5915,506.5866,0.004894018
506.5915,506.5866,0.004886146
506.5915,506.5866,0.004884962
506.5915,506.5866,0.004881484
506.5915,506.5866,0.004877303
506.5915,506.5866,0.004874265
506.5915,506.5866,0.004871444
506.5915,506.5866,0.004866169
506.5915,506.5866,0.004863668
506.5915,506.5866,0.004860378
506.5915,506.5866,0.004859171
506.5915,506.5866,0.004858077
506.5915,506.5866,0.004852305
506.5915,506.5867,0.004849917
506.5915,506.5867,0.004847653
506.5915,506.5867,0.004845565
506.5915,506.5867,0.004843387
506.5915,506.5867,0.004842993
506.5915,506.5867,0.004841346
506.5915,506.5867,0.004839296
506.5915,506.5867,0.004838684
506.5915,506.5867,0.004832524
506.5915,506.5867,0.004831829
506.5915,506.5867,0.004825996
506.5915,506.5867,0.004825105
506.5915,506.5867,0.004825054
506.5915,506.5867,0.004822868
506.5915,506.5867,0.004813147
506.5915,506.5867,0.004795674
506.5915,506.5867,0.004793725
506.5915,506.5867,0.00478942
506.5915,506.5867,0.004788617
506.5915,506.5867,0.004787075
506.5915,506.5867,0.004786402
506.5915,506.5867,0.004779614
506.5915,506.5867,0.00477801
506.5915,506.5867,0.004753552
506.5915,506.5867,0.004752475
506.5915,506.5868,0.0047485
506.5915,506.5868,0.004748185
506.5915,506.5868,0.004746199
506.5915,506.5868,0.004742637
506.5915,506.5868,0.004730821
506.5915,506.5868,0.004729055
506.5915,506.5868,0.004728932
506.5915,506.5868,0.004719857
506.5915,506.5868,0.00471622
506.5915,506.5868,0.004712376
506.5915,506.5868,0.00471057
506.5915,506.5868,0.004700768
506.5915,506.5868,0.004695832
506.5915,506.5868,0.004687697
506.5915,506.5868,0.004684491
506.5915,506.5868,0.004683364
506.5915,506.5868,0.004682244
506.5915,506.5868,0.004680762
506.5915,506.5868,0.004668223
506.5915,506.5868,0.004655208
506.5915,506.5869,0.004636742
506.5915,506.5869,0.004617524
506.5915,506.5869,0.004609129
506.5915,506.5869,0.00460753
506.5915,506.5869,0.004601811
506.5915,506.5869,0.004597592
506.5915,506.5869,0.004596584
506.5915,506.5869,0.004593876
506.5915,506.5869,0.004591763
506.5915,506.5869,0.004587396
506.5915,506.5869,0.004584702
506.5915,506.5869,0.004573175
506.5915,506.5869,0.004570693
506.5915,506.5869,0.004569671
506.5915,506.5869,0.004565834
506.5915,506.587,0.004548709
506.5915,506.587,0.004543719
506.5915,506.587,0.004540203
506.5915,506.587,0.00453157
506.5915,506.587,0.004508628
506.5915,506.587,0.00448146
506.5915,506.587,0.004478622
506.5915,506.587,0.004476121
506.5915,506.587,0.004468159
506.5915,506.587,0.004464765
506.5915,506.587,0.004455497
506.5915,506.587,0.004453088
506.5915,506.587,0.004450323
506.5915,506.5871,0.004449036
506.5915,506.5871,0.004447142
506.5915,506.5871,0.004440404
506.5915,506.5871,0.004431541
506.5915,506.5871,0.004426041
506.5915,506.5871,0.004419893
506.5915,506.5871,0.004414846
506.5915,506.5871,0.00440395
506.5915,506.5871,0.004403154
506.5915,506.5871,0.004393561
506.5915,506.5871,0.004369973
506.5915,506.5871,0.004353217
506.5915,506.5872,0.004326644
506.5915,506.5872,0.004309254
506.5915,506.5872,0.004301444
506.5915,506.5872,0.004296203
506.5915,506.5872,0.004266251
506.5915,506.5872,0.004262833
506.5915,506.5873,0.004236113
506.5915,506.5873,0.004235265
506.5915,506.5873,0.004215422
506.5915,506.5873,0.00420748
506.5915,506.5873,0.004202791
506.5915,506.5873,0.004201234
506.5915,506.5873,0.004191871
506.5915,506.5873,0.004172527
506.5915,506.5873,0.004165317
506.5915,506.5873,0.004153071
506.5915,506.5874,0.004116926
506.5915,506.5874,0.00411417
506.5915,506.5874,0.004087267
506.5915,506.5874,0.004086793
506.5915,506.5874,0.00407531
506.5915,506.5874,0.004074125
506.5915,506.5874,0.004073867
506.5915,506.5874,0.004066026
506.5915,506.5874,0.004065441
506.5915,506.5874,0.004055937
506.5915,506.5875,0.004043563
506.5915,506.5875,0.004035106
506.5915,506.5875,0.004019985
506.5915,506.5875,0.004015511
506.5915,506.5875,0.004000017
506.5915,506.5875,0.003999583
506.5915,506.5875,0.003992764
506.5915,506.5875,0.003986108
506.5915,506.5876,0.003923193
506.5915,506.5876,0.003881134
506.5915,506.5876,0.003874202
506.5915,506.5877,0.00384484
506.5915,506.5877,0.003833584
506.5915,506.5877,0.003820438
506.5915,506.5877,0.003799062
506.5915,506.5877,0.003761575
506.5915,506.5878,0.003712786
506.5915,506.5878,0.00370492
506.5915,506.5879,0.003637639
506.5915,506.5879,0.003605164
506.5915,506.5879,0.003569575
506.5915,506.5879,0.003567781
506.5915,506.5879,0.003550498
506.5915,506.5881,0.003428535
506.5915,506.5881,0.003426566
506.5915,506.5881,0.003413899
506.5915,506.5881,0.003391094
506.5915,506.5882,0.003281298
506.5915,506.5882,0.003279797
506.5915,506.5883,0.003229218
506.5915,506.5883,0.0031596
506.5915,506.5886,0.002938593
506.5915,506.5886,0.002920898
506.5915,506.5886,0.002919001
506.5915,506.5886,0.002909589
506.5915,506.5887,0.002821442
506.5915,506.5888,0.002654136
506.5915,506.5889,0.00261856
506.5915,506.5889,0.002600097
506.5915,506.589,0.002524915
506.5915,506.5891,0.002384727
506.5915,506.5892,0.002293438
506.5915,506.5892,0.002285736
506.5915,506.5893,0.002204704
506.5915,506.5895,0.002002347
506.5915,506.5897,0.001797804
506.5915,506.5899,0.001569407
506.5915,506.5902,0.001345675
506.5915,506.6743,-0.08279781
506.5915,506.6898,-0.09831271
,,
