928.4634,459,
Mascot_mz,MassHunter_mz,Difference
928.4634,928.4534,0.009987291
928.4634,928.4534,0.009981518
928.4634,928.4534,0.009955831
928.4634,928.4534,0.009952191
928.4634,928.4535,0.009924941
928.4634,928.4535,0.009918179
928.4634,928.4535,0.009915887
928.4634,928.4535,0.009892472
928.4634,928.4535,0.00988548
928.4634,928.4535,0.009868601
928.4634,928.4536,0.009847953
928.4634,928.4536,0.009819081
928.4634,928.4536,0.009784163
928.4634,928.4536,0.009767648
928.4634,928.4536,0.009767553
928.4634,928.4536,0.009757802
928.4634,928.4537,0.00974241
928.4634,928.4537,0.009724123
928.4634,928.4537,0.009723938
928.4634,928.4537,0.009715969
928.4634,928.4537,0.009712735
928.4634,928.4537,0.009699863
928.4634,928.4537,0.009693806
928.4634,928.4537,0.009686141
928.4634,928.4537,0.009671241
928.4634,928.4537,0.009666585
928.4634,928.4537,0.009652784
928.4634,928.4538,0.009645355
928.4634,928.4538,0.009627173
928.4634,928.4538,0.009625236
928.4634,928.4538,0.009624082
928.4634,928.4538,0.009620278
928.4634,928.4538,0.009601498
928.4634,928.4538,0.009572266
928.4634,928.4538,0.009560878
928.4634,928.4539,0.009514619
928.4634,928.4539,0.009474909
928.4634,928.4539,0.009459279
928.4634,928.454,0.009418686
928.4634,928.454,0.00939779
928.4634,928.454,0.009381413
928.4634,928.454,0.009354102
928.4634,928.454,0.009351951
928.4634,928.4541,0.009328527
928.4634,928.4541,0.009321044
928.4634,928.4541,0.009320876
928.4634,928.4541,0.009311559
928.4634,928.4541,0.009300082
928.4634,928.4541,0.009295976
928.4634,928.4541,0.009271423
928.4634,928.4541,0.009259159
928.4634,928.4542,0.00921749
928.4634,928.4542,0.009197635
928.4634,928.4543,0.009102215
928.4634,928.4543,0.009088424
928.4634,928.4543,0.009080686
928.4634,928.4543,0.009078259
928.4634,928.4543,0.009052365
928.4634,928.4544,0.009043145
928.4634,928.4544,0.00904007
928.4634,928.4544,0.009030982
928.4634,928.4544,0.009022669
928.4634,928.4544,0.009001926
928.4634,928.4544,0.008989502
928.4634,928.4544,0.00898042
928.4634,928.4544,0.008977411
928.4634,928.4544,0.008960963
928.4634,928.4545,0.008899169
928.4634,928.4545,0.008890644
928.4634,928.4545,0.008888328
928.4634,928.4545,0.008883355
928.4634,928.4545,0.008872271
928.4634,928.4545,0.008868643
928.4634,928.4546,0.008802676
928.4634,928.4546,0.008768717
928.4634,928.4546,0.008764693
928.4634,928.4547,0.008749183
928.4634,928.4547,0.008741546
928.4634,928.4547,0.008725595
928.4634,928.4547,0.008724895
928.4634,928.4547,0.00871247
928.4634,928.4547,0.008710646
928.4634,928.4547,0.008686988
928.4634,928.4547,0.008667979
928.4634,928.4548,0.008595854
928.4634,928.4548,0.00858678
928.4634,928.4548,0.008557161
928.4634,928.4549,0.008538942
928.4634,928.4549,0.008532967
928.4634,928.4549,0.0085283
928.4634,928.4549,0.008482068
928.4634,928.455,0.008433541
928.4634,928.455,0.008415483
928.4634,928.455,0.008398872
928.4634,928.4551,0.008309012
928.4634,928.4551,0.008285898
928.4634,928.4552,0.0082292
928.4634,928.4552,0.008211957
928.4634,928.4552,0.008205108
928.4634,928.4552,0.008193597
928.4634,928.4553,0.008123974
928.4634,928.4554,0.007955185
928.4634,928.4554,0.007951077
928.4634,928.4555,0.007932656
928.4634,928.4555,0.007903185
928.4634,928.4555,0.007898774
928.4634,928.4555,0.007885541
928.4634,928.4556,0.007820023
928.4634,928.4556,0.007784984
928.4634,928.4556,0.007765316
928.4634,928.4557,0.007730864
928.4634,928.4557,0.007710564
928.4634,928.4557,0.007685964
928.4634,928.4557,0.0076751
928.4634,928.4557,0.007671686
928.4634,928.4558,0.0075792
928.4634,928.4559,0.007540031
928.4634,928.456,0.007433105
928.4634,928.4561,0.007346515
928.4634,928.4561,0.007317942
928.4634,928.4562,0.007206857
928.4634,928.4562,0.007189719
928.4634,928.4563,0.00713938
928.4634,928.4563,0.007097503
928.4634,928.4564,0.00702836
928.4634,928.4564,0.007017594
928.4634,928.4564,0.007003514
928.4634,928.4564,0.006977446
928.4634,928.4564,0.006961067
928.4634,928.4566,0.006847925
928.4634,928.4566,0.006840658
928.4634,928.4566,0.006793872
928.4634,928.4566,0.006792973
928.4634,928.4566,0.006775138
928.4634,928.4566,0.006755041
928.4634,928.4567,0.00673295
928.4634,928.4567,0.006692225
928.4634,928.4567,0.006685789
928.4634,928.4568,0.006629666
928.4634,928.4568,0.006621052
928.4634,928.4569,0.006520472
928.4634,928.4569,0.00651087
928.4634,928.4569,0.006507479
928.4634,928.4571,0.006262857
928.4634,928.4571,0.006254935
928.4634,928.4572,0.006234893
928.4634,928.4572,0.006169836
928.4634,928.4572,0.006157164
928.4634,928.4573,0.006146037
928.4634,928.4573,0.006078855
928.4634,928.4574,0.006036095
928.4634,928.4574,0.006026332
928.4634,928.4575,0.005906333
928.4634,928.4575,0.00589595
928.4634,928.4575,0.005894043
928.4634,928.4575,0.005857723
928.4634,928.4575,0.005855922
928.4634,928.4576,0.005822305
928.4634,928.4576,0.005784468
928.4634,928.4576,0.005780603
928.4634,928.4576,0.005780513
928.4634,928.4577,0.005741067
928.4634,928.4577,0.005694695
928.4634,928.4578,0.005623276
928.4634,928.4578,0.00561839
928.4634,928.4578,0.005610955
928.4634,928.4578,0.005566229
928.4634,928.4579,0.005526055
928.4634,928.4579,0.005501296
928.4634,928.458,0.005441243
928.4634,928.458,0.005407371
928.4634,928.458,0.005358716
928.4634,928.458,0.005351711
928.4634,928.4581,0.005342088
928.4634,928.4581,0.005287338
928.4634,928.4581,0.005265663
928.4634,928.4582,0.005207418
928.4634,928.4582,0.005201227
928.4634,928.4582,0.005178084
928.4634,928.4583,0.005143262
928.4634,928.4583,0.005098569
928.4634,928.4583,0.005058725
928.4634,928.4585,0.00490034
928.4634,928.4589,0.004500497
928.4634,928.459,0.004442027
928.4634,928.459,0.004420761
928.4634,928.459,0.004412741
928.4634,928.459,0.004379392
928.4634,928.4591,0.004335406
928.4634,928.4591,0.004293138
928.4634,928.4592,0.004185489
928.4634,928.4593,0.004075477
928.4634,928.4595,0.003945819
928.4634,928.4595,0.003890646
928.4634,928.4595,0.003865016
928.4634,928.4596,0.003830625
928.4634,928.4596,0.003821821
928.4634,928.4596,0.003818103
928.4634,928.4596,0.003801521
928.4634,928.4597,0.0037374
928.4634,928.4597,0.003731309
928.4634,928.4598,0.003646376
928.4634,928.4598,0.003642384
928.4634,928.4598,0.003605413
928.4634,928.4598,0.003588986
928.4634,928.4598,0.003561549
928.4634,928.4599,0.003519095
928.4634,928.46,0.003367897
928.4634,928.4601,0.003335861
928.4634,928.4601,0.003310886
928.4634,928.4602,0.003162506
928.4634,928.4603,0.003126516
928.4634,928.4603,0.003094358
928.4634,928.4603,0.003070984
928.4634,928.4604,0.002980044
928.4634,928.4604,0.002959453
928.4634,928.4604,0.002952738
928.4634,928.4605,0.002908808
928.4634,928.4605,0.002894924
928.4634,928.4605,0.002861351
928.4634,928.4607,0.002741191
928.4634,928.4608,0.002621632
928.4634,928.4608,0.002591303
928.4634,928.4608,0.002576772
928.4634,928.461,0.002421865
928.4634,928.461,0.002381984
928.4634,928.461,0.00237407
928.4634,928.461,0.002361898
928.4634,928.4612,0.002226188
928.4634,928.4612,0.00222252
928.4634,928.4612,0.00216218
928.4634,928.4613,0.00211647
928.4634,928.4614,0.002024053
928.4634,928.4614,0.002012492
928.4634,928.4614,0.001991332
928.4634,928.4615,0.001862853
928.4634,928.4615,0.001856355
928.4634,928.4616,0.001846626
928.4634,928.4616,0.001778778
928.4634,928.4618,0.001599257
928.4634,928.4619,0.001537269
928.4634,928.4619,0.001498242
928.4634,928.462,0.001422086
928.4634,928.462,0.001377381
928.4634,928.4621,0.001339837
928.4634,928.4621,0.001333663
928.4634,928.4621,0.001287486
928.4634,928.4621,0.001269063
928.4634,928.4622,0.001152684
928.4634,928.4623,0.001149602
928.4634,928.4623,0.001143469
928.4634,928.4623,0.001050744
928.4634,928.4625,0.0009371989
928.4634,928.4626,0.0007761064
928.4634,928.4628,0.0006431584
928.4634,928.4628,0.000596975
928.4634,928.4628,0.0005908172
928.4634,928.4628,0.0005673801
928.4634,928.4629,0.000537891
928.4634,928.4629,0.0005149608
928.4634,928.4629,0.0005133342
928.4634,928.4629,0.0005102536
928.4634,928.4629,0.0005088298
928.4634,928.4629,0.0004821766
928.4634,928.463,0.0004275842
928.4634,928.463,0.0004149939
928.4634,928.463,0.000407627
928.4634,928.463,0.0003552339
928.4634,928.4631,0.0003259354
928.4634,928.4631,0.0002986585
928.4634,928.4631,0.0002558513
928.4634,928.4632,0.0002489216
928.4634,928.4632,0.0002168537
928.4634,928.4632,0.0002020453
928.4634,928.4632,0.000175774
928.4634,928.4632,0.0001555343
928.4634,928.4633,0.000130796
928.4634,928.4633,0.0001267948
928.4634,928.4633,0.0001252264
928.4634,928.4633,7.391451e-05
928.4634,928.4634,1.361483e-05
928.4634,928.4634,-8.288585e-06
928.4634,928.4635,-7.338612e-05
928.4634,928.4635,-7.720541e-05
928.4634,928.4635,-0.0001488096
928.4634,928.4636,-0.0002294665
928.4634,928.4636,-0.0002482053
928.4634,928.4638,-0.0004068097
928.4634,928.4638,-0.0004386374
928.4634,928.4639,-0.000529466
928.4634,928.4641,-0.0006514887
928.4634,928.4641,-0.0006533166
928.4634,928.4641,-0.0006760234
928.4634,928.4641,-0.0007276834
928.4634,928.4641,-0.0007413672
928.4634,928.4642,-0.0007548338
928.4634,928.4642,-0.0008343543
928.4634,928.4644,-0.001025156
928.4634,928.4645,-0.001110269
928.4634,928.4646,-0.001155085
928.4634,928.4646,-0.001195233
928.4634,928.4647,-0.001294063
928.4634,928.4647,-0.001295173
928.4634,928.4647,-0.001332014
928.4634,928.4648,-0.001402739
928.4634,928.4649,-0.001461293
928.4634,928.4649,-0.00149721
928.4634,928.4649,-0.001540382
928.4634,928.465,-0.001561908
928.4634,928.465,-0.001569868
928.4634,928.4651,-0.001664469
928.4634,928.4651,-0.001682887
928.4634,928.4651,-0.001706479
928.4634,928.4653,-0.001945215
928.4634,928.4653,-0.001946945
928.4634,928.4654,-0.001978246
928.4634,928.4654,-0.002017131
928.4634,928.4655,-0.002050665
928.4634,928.4655,-0.002054485
928.4634,928.4655,-0.002098199
928.4634,928.4657,-0.002298092
928.4634,928.4657,-0.002316384
928.4634,928.4658,-0.002358637
928.4634,928.4658,-0.002384652
928.4634,928.4658,-0.002407623
928.4634,928.4659,-0.002475895
928.4634,928.4659,-0.002491648
928.4634,928.466,-0.002566356
928.4634,928.466,-0.002595042
928.4634,928.466,-0.002634819
928.4634,928.4662,-0.002779831
928.4634,928.4662,-0.002809164
928.4634,928.4662,-0.002845464
928.4634,928.4663,-0.002853413
928.4634,928.4663,-0.0029461
928.4634,928.4664,-0.002951922
928.4634,928.4664,-0.003013247
928.4634,928.4664,-0.003044929
928.4634,928.4665,-0.003128207
928.4634,928.4666,-0.003179113
928.4634,928.4666,-0.003204708
928.4634,928.4666,-0.003234454
928.4634,928.4667,-0.003333702
928.4634,928.4668,-0.003386117
928.4634,928.4668,-0.0034284
928.4634,928.4669,-0.003548234
928.4634,928.467,-0.003554807
928.4634,928.467,-0.003563538
928.4634,928.467,-0.003584527
928.4634,928.467,-0.003595276
928.4634,928.4671,-0.003680619
928.4634,928.4673,-0.003929241
928.4634,928.4674,-0.003955588
928.4634,928.4674,-0.003982655
928.4634,928.4674,-0.003993023
928.4634,928.4674,-0.004048866
928.4634,928.4675,-0.004073307
928.4634,928.4675,-0.004124259
928.4634,928.4676,-0.004159635
928.4634,928.4676,-0.004192908
928.4634,928.4677,-0.004303706
928.4634,928.4677,-0.004305928
928.4634,928.4678,-0.004369978
928.4634,928.4678,-0.004410802
928.4634,928.4678,-0.004445329
928.4634,928.468,-0.004599364
928.4634,928.468,-0.004637308
928.4634,928.4681,-0.004707267
928.4634,928.4682,-0.004787424
928.4634,928.4682,-0.004804318
928.4634,928.4682,-0.004820217
928.4634,928.4683,-0.004939623
928.4634,928.4684,-0.004984945
928.4634,928.4685,-0.005062101
928.4634,928.4685,-0.005065087
928.4634,928.4685,-0.005080552
928.4634,928.4685,-0.005091932
928.4634,928.4685,-0.005138349
928.4634,928.4687,-0.005260511
928.4634,928.4687,-0.005301643
928.4634,928.4688,-0.005397343
928.4634,928.4688,-0.005401362
928.4634,928.4688,-0.005414535
928.4634,928.4688,-0.005440517
928.4634,928.4689,-0.005508939
928.4634,928.469,-0.005640711
928.4634,928.4691,-0.005672599
928.4634,928.4691,-0.005739681
928.4634,928.4692,-0.005790141
928.4634,928.4694,-0.005950555
928.4634,928.4694,-0.006011365
928.4634,928.4694,-0.006019312
928.4634,928.4695,-0.006070893
928.4634,928.4695,-0.006079725
928.4634,928.4696,-0.006197934
928.4634,928.4696,-0.0062179
928.4634,928.4697,-0.006264234
928.4634,928.4697,-0.00627033
928.4634,928.4697,-0.006336274
928.4634,928.4698,-0.006355605
928.4634,928.4698,-0.006369168
928.4634,928.4698,-0.006388631
928.4634,928.4698,-0.006418929
928.4634,928.4698,-0.006437525
928.4634,928.4699,-0.006460318
928.4634,928.4699,-0.006504807
928.4634,928.47,-0.006572384
928.4634,928.47,-0.00658266
928.4634,928.47,-0.006620817
928.4634,928.4703,-0.006859357
928.4634,928.4703,-0.006932272
928.4634,928.4705,-0.007073661
928.4634,928.4705,-0.007129381
928.4634,928.4705,-0.007144965
928.4634,928.4706,-0.007150551
928.4634,928.4706,-0.007205384
928.4634,928.4706,-0.007241495
928.4634,928.4707,-0.007287281
928.4634,928.4707,-0.007346017
928.4634,928.4707,-0.007348033
928.4634,928.4708,-0.007368504
928.4634,928.4708,-0.007383152
928.4634,928.4708,-0.00739228
928.4634,928.4708,-0.007404665
928.4634,928.4708,-0.007438836
928.4634,928.4709,-0.007462562
928.4634,928.4709,-0.007481923
928.4634,928.4709,-0.007485388
928.4634,928.471,-0.00761544
928.4634,928.4711,-0.007719364
928.4634,928.4712,-0.007759999
928.4634,928.4712,-0.007769183
928.4634,928.4712,-0.007817824
928.4634,928.4713,-0.007914849
928.4634,928.4715,-0.00809635
928.4634,928.4716,-0.008233531
928.4634,928.4718,-0.008403906
928.4634,928.4719,-0.008455707
928.4634,928.4719,-0.008459317
928.4634,928.4719,-0.00848657
928.4634,928.4719,-0.00849589
928.4634,928.4721,-0.008662859
928.4634,928.4721,-0.008721255
928.4634,928.4723,-0.008949906
928.4634,928.4724,-0.009015028
928.4634,928.4724,-0.009039536
928.4634,928.4725,-0.009076965
928.4634,928.4725,-0.009137817
928.4634,928.4726,-0.009214532
928.4634,928.4727,-0.009302946
928.4634,928.4728,-0.00935347
928.4634,928.4728,-0.00936649
928.4634,928.4728,-0.009399697
928.4634,928.4728,-0.009421219
928.4634,928.473,-0.009614191
928.4634,928.4731,-0.00965694
928.4634,928.4731,-0.009726855
928.4634,928.4734,-0.009988475
928.4634,928.4734,-0.009994768
,,
