Unique MASCOT (mz),Difference (mz)
302.8401,0.0016252462
302.8401,0.0015506419
302.8401,0.0014752079
302.8401,0.0013331458
302.8401,0.0012984971
302.8401,0.00082138559
302.8401,0.0007070647
302.8401,0.0006638322
302.8401,0.00055894543
302.8401,0.00043260065
302.8401,0.00032519608
302.8401,2.818453e-06
302.8401,-0.00041244597
302.8401,-0.00044983325
302.8401,-0.00053424868
302.8401,-0.00056734465
302.8401,-0.00060997127
302.8401,-0.00078463701
302.8401,-0.0010306465
302.8401,-0.001036974
302.8401,-0.0013131964
302.8401,-0.0014862071
302.8401,-0.001650394
302.8401,-0.0016523299
302.8401,-0.0016815539
302.8401,-0.0017071885
302.8401,-0.0017074477
302.8401,-0.0017566781
302.8401,-0.00187374
302.8401,-0.0019057327
302.8401,-0.0019269381
302.8401,-0.0019558819
303.1841,0.0017177356
303.1841,0.0016833237
303.1841,0.0016612656
303.1841,0.0016434205
303.1841,0.0015931612
303.1841,0.0015894258
303.1841,0.0015090414
303.1841,0.0014644691
303.1841,0.0014037285
303.1841,0.0012617089
303.1841,0.0011928062
303.1841,0.0011689577
303.1841,0.00087410801
303.1841,0.00084359297
303.1841,0.00083297519
303.1841,0.00082037519
303.1841,0.00078119545
303.1841,0.00066246179
303.1841,0.00061434177
303.1841,0.00055138126
303.1841,0.00054730426
303.1841,0.00052782471
303.1841,0.00052583012
303.1841,0.00051305327
303.1841,0.00049300185
303.1841,0.00038699605
303.1841,0.00032835609
303.1841,0.00030775406
303.1841,0.00023184193
303.1841,0.00015239427
303.1841,5.4453541e-05
303.1841,-7.256806e-06
303.1841,-1.1523907e-05
303.1841,-2.55788e-05
303.1841,-4.8663253e-05
303.1841,-9.7188534e-05
303.1841,-0.00016309078
303.1841,-0.0001762856
303.1841,-0.00018532666
303.1841,-0.00043984448
303.1841,-0.00045105166
303.1841,-0.00046259206
303.1841,-0.00050825226
303.1841,-0.00055211427
303.1841,-0.00056360075
303.1841,-0.00061321046
303.1841,-0.00072221638
303.1841,-0.0007626607
303.1841,-0.00084860907
303.1841,-0.00089606336
303.1841,-0.00092620803
303.1841,-0.00095029956
303.1841,-0.00099291068
303.1841,-0.0010525336
303.1841,-0.0010935603
303.1841,-0.0011538659
303.1841,-0.0012887434
303.1841,-0.0013174878
303.1841,-0.001367344
303.1841,-0.0014587443
303.1841,-0.0014631509
303.1841,-0.0014854121
303.1841,-0.0015054192
303.1841,-0.0015430972
303.1841,-0.0015543399
303.1841,-0.0015685563
303.1841,-0.0016922348
303.1841,-0.0018439437
303.1841,-0.0018834326
303.1841,-0.0019138945
443.8948,0.0018210949
443.8948,0.0017986312
443.8948,0.0014260103
443.8948,0.0014042605
443.8948,0.0013144328
443.8948,0.0012691567
443.8948,0.0011055437
443.8948,0.0010278644
443.8948,0.00050888816
443.8948,0.00032972049
443.8948,0.00032741117
443.8948,2.0614553e-05
443.8948,-0.00010986583
443.8948,-0.00012337828
443.8948,-0.00020300805
443.8948,-0.00029267716
443.8948,-0.00041175819
443.8948,-0.00052335862
443.8948,-0.00054010746
443.8948,-0.00058060443
443.8948,-0.00058903119
443.8948,-0.0006231824
443.8948,-0.00063291166
443.8948,-0.00070528913
443.8948,-0.00077241548
443.8948,-0.00078069188
443.8948,-0.00078178387
443.8948,-0.00079583465
443.8948,-0.00084322227
443.8948,-0.00086269272
443.8948,-0.00093592577
443.8948,-0.00093676763
443.8948,-0.00096441682
443.8948,-0.00097811037
443.8948,-0.0010117169
443.8948,-0.0010214383
443.8948,-0.0010333766
443.8948,-0.0010365551
443.8948,-0.001041067
443.8948,-0.0010530657
443.8948,-0.0010878432
443.8948,-0.0011791447
443.8948,-0.0012136483
443.8948,-0.0012863569
443.8948,-0.0014008322
443.8948,-0.001466149
443.8948,-0.0014679077
443.8948,-0.0014815406
443.8948,-0.0014839223
443.8948,-0.0015303209
443.8948,-0.0017521388
443.8948,-0.0019221032
443.8948,-0.0019781838
445.7583,0.0017973786
445.7583,0.0017372671
445.7583,0.0015908853
445.7583,0.0014668812
445.7583,0.0014538445
445.7583,0.0012265914
445.7583,0.0012243954
445.7583,0.0011761385
445.7583,0.0010762265
445.7583,0.00095111311
445.7583,0.0008678614
445.7583,0.00081892234
445.7583,0.00081826829
445.7583,0.00080005629
445.7583,0.00062636035
445.7583,0.00057373553
445.7583,0.00025421457
445.7583,0.0001345609
445.7583,1.2424746e-05
445.7583,-1.9866023e-05
445.7583,-2.6051501e-05
445.7583,-7.3512947e-05
445.7583,-0.00013708848
445.7583,-0.00036387675
445.7583,-0.00041980434
445.7583,-0.0005348097
445.7583,-0.00085403593
445.7583,-0.00096300423
445.7583,-0.0010291362
445.7583,-0.0010361614
445.7583,-0.0011179961
445.7583,-0.001169634
445.7583,-0.001220151
445.7583,-0.0013469312
445.7583,-0.0014550428
445.7583,-0.0016414195
445.7583,-0.0016534299
445.7583,-0.0017367334
445.7583,-0.0017451987
445.7583,-0.00183922
445.7583,-0.001903519
445.7583,-0.0019991489
449.2272,0.0019886978
449.2272,0.0019594669
449.2272,0.0019127842
449.2272,0.0019088121
449.2272,0.0019047142
449.2272,0.0018536916
449.2272,0.001817351
449.2272,0.001814978
449.2272,0.0017855982
449.2272,0.0017726885
449.2272,0.0017598786
449.2272,0.0017243127
449.2272,0.0017140764
449.2272,0.0017023253
449.2272,0.0017001953
449.2272,0.0016856382
449.2272,0.0016607986
449.2272,0.0016604482
449.2272,0.0016529188
449.2272,0.0016450485
449.2272,0.0016345027
449.2272,0.0016072998
449.2272,0.0015986865
449.2272,0.0015859446
449.2272,0.0015856978
449.2272,0.0015818842
449.2272,0.0015668807
449.2272,0.001550895
449.2272,0.0015147404
449.2272,0.0014962664
449.2272,0.0014796255
449.2272,0.0014209431
449.2272,0.001393604
449.2272,0.0013882521
449.2272,0.0013674048
449.2272,0.0013539628
449.2272,0.0013300612
449.2272,0.0013160768
449.2272,0.0012732262
449.2272,0.0012700888
449.2272,0.0012415059
449.2272,0.0012386803
449.2272,0.0011945079
449.2272,0.0011721427
449.2272,0.0011476812
449.2272,0.001132819
449.2272,0.0011104812
449.2272,0.0010795618
449.2272,0.0010689115
449.2272,0.0010237933
449.2272,0.001020056
449.2272,0.00097976563
449.2272,0.00095544767
449.2272,0.00093682819
449.2272,0.00088912107
449.2272,0.00087074733
449.2272,0.00086292544
449.2272,0.0008439382
449.2272,0.00084132854
449.2272,0.00081597529
449.2272,0.00079235064
449.2272,0.00079000486
449.2272,0.00075045299
449.2272,0.00072578367
449.2272,0.00068803529
449.2272,0.00064688847
449.2272,0.00061831487
449.2272,0.00058846312
449.2272,0.00058832126
449.2272,0.00056402001
449.2272,0.00055797154
449.2272,0.00051527187
449.2272,0.00050583263
449.2272,0.00038902283
449.2272,0.00038877957
449.2272,0.00036373896
449.2272,0.00034465135
449.2272,0.00033406534
449.2272,0.00029393985
449.2272,0.0002809025
449.2272,0.00026561533
449.2272,0.00022672952
449.2272,0.0001965579
449.2272,0.00015447405
449.2272,0.00015164905
449.2272,0.00015032877
449.2272,0.00014046521
449.2272,0.00011265048
449.2272,0.00011145764
449.2272,9.6077658e-05
449.2272,1.926198e-05
449.2272,-2.6237559e-05
449.2272,-5.161466e-05
449.2272,-0.00011404549
449.2272,-0.00016158416
449.2272,-0.00016575824
449.2272,-0.00017864843
449.2272,-0.00018616705
449.2272,-0.00028496019
449.2272,-0.0003026787
449.2272,-0.00035582249
449.2272,-0.00037736623
449.2272,-0.00038607186
449.2272,-0.00044426153
449.2272,-0.00045477436
449.2272,-0.00049787795
449.2272,-0.00054989131
449.2272,-0.00056787486
449.2272,-0.0006121547
449.2272,-0.00061365278
449.2272,-0.00065141566
449.2272,-0.00068417015
449.2272,-0.00071095295
449.2272,-0.00080374708
449.2272,-0.00085857754
449.2272,-0.00086988443
449.2272,-0.00091766633
449.2272,-0.00092122489
449.2272,-0.00093641931
449.2272,-0.0010452899
449.2272,-0.0010639945
449.2272,-0.001122
449.2272,-0.0013405932
449.2272,-0.0014049985
449.2272,-0.0014092048
449.2272,-0.0014148273
449.2272,-0.0014718385
449.2272,-0.0014913244
449.2272,-0.0016450248
449.2272,-0.0018987576
449.2272,-0.0019925547
453.7556,0.0019878199
453.7556,0.0019782262
453.7556,0.0019720131
453.7556,0.0019234682
453.7556,0.0018992724
453.7556,0.0018806148
453.7556,0.0018736138
453.7556,0.0018595984
453.7556,0.0018031897
453.7556,0.0017702621
453.7556,0.0017057465
453.7556,0.0015475346
453.7556,0.0015231229
453.7556,0.0015191187
453.7556,0.0013365691
453.7556,0.0012511732
453.7556,0.0011607035
453.7556,0.0011292497
453.7556,0.0011222772
453.7556,0.0011193228
453.7556,0.0011107502
453.7556,0.0010493544
453.7556,0.00099367911
453.7556,0.00099139871
453.7556,0.00094960725
453.7556,0.00094644407
453.7556,0.00076191368
453.7556,0.00066949844
453.7556,0.00023205052
453.7556,0.00013806375
453.7556,-0.00025588776
453.7556,-0.00035389602
453.7556,-0.00036416941
453.7556,-0.00037399127
453.7556,-0.00038291437
453.7556,-0.00069243957
453.7556,-0.00086427614
453.7556,-0.00087979141
453.7556,-0.00088393355
453.7556,-0.00091631438
453.7556,-0.001459922
453.7556,-0.0018089701
453.7556,-0.0018113732
453.7556,-0.001884455
453.7556,-0.0019228119
454.558,0.0019376616
454.558,0.0016009995
454.558,0.0014570433
454.558,0.001416731
454.558,0.0013305955
454.558,0.00088386819
454.558,0.00066400748
454.558,0.00050515464
454.558,0.00045957853
454.558,0.0003145643
454.558,0.00023220645
454.558,-0.0001375671
454.558,-0.00022381886
454.558,-0.00077151533
454.558,-0.0013779979
501.2607,0.001983573
501.2607,0.0019681139
501.2607,0.0018614308
501.2607,0.0018563703
501.2607,0.0018546064
501.2607,0.0018468009
501.2607,0.0017027822
501.2607,0.001674064
501.2607,0.0016723505
501.2607,0.0016449381
501.2607,0.0016372565
501.2607,0.0016139532
501.2607,0.0016134716
501.2607,0.0015933435
501.2607,0.0015832909
501.2607,0.0015679982
501.2607,0.0015440902
501.2607,0.0015030779
501.2607,0.0014812555
501.2607,0.0014676922
501.2607,0.0014501708
501.2607,0.0014343057
501.2607,0.0013026664
501.2607,0.0013025283
501.2607,0.0012773835
501.2607,0.0012757387
501.2607,0.0012615351
501.2607,0.0012345351
501.2607,0.0012304798
501.2607,0.0011731279
501.2607,0.0010974115
501.2607,0.0010804511
501.2607,0.0010778816
501.2607,0.001074883
501.2607,0.00091389626
501.2607,0.00082335526
501.2607,0.00080007004
501.2607,0.00075553218
501.2607,0.00067372975
501.2607,0.0006667504
501.2607,0.00065708637
501.2607,0.00059514157
501.2607,0.00053462063
501.2607,0.00051047234
501.2607,0.000505404
501.2607,0.00050143112
501.2607,0.00048456723
501.2607,0.00043090136
501.2607,0.00033241537
501.2607,0.00032813837
501.2607,0.00032055795
501.2607,0.00028165098
501.2607,0.00025912245
501.2607,0.00024341958
501.2607,6.7549809e-05
501.2607,-2.4330646e-05
501.2607,-2.4633251e-05
501.2607,-0.0001404641
501.2607,-0.00016112757
501.2607,-0.00024968152
501.2607,-0.00042763115
501.2607,-0.00043191134
501.2607,-0.00048338322
501.2607,-0.00050417331
501.2607,-0.00054365089
501.2607,-0.00054960208
501.2607,-0.00056425461
501.2607,-0.00061299165
501.2607,-0.00065822742
501.2607,-0.00067093071
501.2607,-0.00069297974
501.2607,-0.00072785488
501.2607,-0.0007533945
501.2607,-0.00082308224
501.2607,-0.0008518236
501.2607,-0.00090726803
501.2607,-0.00096863501
501.2607,-0.00097766391
501.2607,-0.00099821956
501.2607,-0.0010060681
501.2607,-0.0010139967
501.2607,-0.0010805836
501.2607,-0.0011305085
501.2607,-0.0012944288
501.2607,-0.0014109966
501.2607,-0.0014143878
501.2607,-0.001455338
501.2607,-0.001518871
501.2607,-0.0016045923
501.2607,-0.0016135842
501.2607,-0.0016224983
501.2607,-0.001671391
501.2607,-0.0018220178
501.2607,-0.0018221044
501.2607,-0.0019063785
501.2607,-0.0019338087
506.5915,0.0017978037
506.5915,0.0015694072
506.5915,0.0013456753
592.3154,0.0019938091
592.3154,0.0019758274
592.3154,0.0019650418
592.3154,0.001955884
592.3154,0.001954983
592.3154,0.0018455903
592.3154,0.001799125
592.3154,0.0017793838
592.3154,0.0017450821
592.3154,0.001690746
592.3154,0.0016766088
592.3154,0.0016702672
592.3154,0.0016422143
592.3154,0.0016264213
592.3154,0.0015895004
592.3154,0.0015218796
592.3154,0.0015078495
592.3154,0.0014877041
592.3154,0.0014779186
592.3154,0.0014748363
592.3154,0.0014461526
592.3154,0.0013691616
592.3154,0.0013166259
592.3154,0.0012256274
592.3154,0.0012094573
592.3154,0.0011857315
592.3154,0.0011479652
592.3154,0.0010901914
592.3154,0.0010015839
592.3154,0.00098570384
592.3154,0.00096591445
592.3154,0.00096555397
592.3154,0.00095459522
592.3154,0.00092132299
592.3154,0.00091246218
592.3154,0.00084478695
592.3154,0.00079639802
592.3154,0.00078846773
592.3154,0.00078726338
592.3154,0.00076342343
592.3154,0.00073420595
592.3154,0.00068111114
592.3154,0.000593536
592.3154,0.00055319817
592.3154,0.00052256469
592.3154,0.00051103616
592.3154,0.00049268986
592.3154,0.00039684875
592.3154,0.0002456116
592.3154,0.0002186298
592.3154,0.00019051008
592.3154,0.00013380485
592.3154,0.00011990033
592.3154,8.3033803e-05
592.3154,-7.504875e-06
592.3154,-2.8888448e-05
592.3154,-7.6006247e-05
592.3154,-0.00014865761
592.3154,-0.00017797032
592.3154,-0.00020197637
592.3154,-0.00023008534
592.3154,-0.00028330535
592.3154,-0.00033262812
592.3154,-0.00034491815
592.3154,-0.00039955949
592.3154,-0.00042804111
592.3154,-0.00051516924
592.3154,-0.00053841171
592.3154,-0.00055253627
592.3154,-0.00071567592
592.3154,-0.00071990512
592.3154,-0.00074053339
592.3154,-0.00085525466
592.3154,-0.0010232155
592.3154,-0.0010694887
592.3154,-0.0010774046
592.3154,-0.0012283425
592.3154,-0.0012759283
592.3154,-0.0013053925
592.3154,-0.001313638
592.3154,-0.001449392
592.3154,-0.0016590329
592.3154,-0.0017857622
592.3154,-0.0019241914
592.3154,-0.0019637548
592.3154,-0.0019720034
597.6479,0.0019975484
597.6479,0.0018580907
597.6479,0.0018442003
597.6479,0.0017182739
597.6479,0.0016866828
597.6479,0.0016506453
597.6479,0.0016460331
597.6479,0.0016297806
597.6479,0.0015978248
597.6479,0.0014686892
597.6479,0.0014481542
597.6479,0.001390165
597.6479,0.0013802102
597.6479,0.0012428413
597.6479,0.0012015527
597.6479,0.0011010589
597.6479,0.0010748071
597.6479,0.0010448218
597.6479,0.000933419
597.6479,0.00086935888
597.6479,0.00086610105
597.6479,0.00076920588
597.6479,0.00053930203
597.6479,0.00042372907
597.6479,0.00036285083
597.6479,0.00033254233
597.6479,0.00030585911
597.6479,0.00026278756
597.6479,0.00019452795
597.6479,9.9745719e-05
597.6479,5.983039e-05
597.6479,-2.2125421e-05
597.6479,-4.7368797e-05
597.6479,-0.00012938704
597.6479,-0.00015599305
597.6479,-0.000214605
597.6479,-0.00024602817
597.6479,-0.00054635533
597.6479,-0.00067958245
597.6479,-0.00078925172
597.6479,-0.00079973481
597.6479,-0.00082861777
597.6479,-0.00088246947
597.6479,-0.001055746
597.6479,-0.0011253583
597.6479,-0.0012144264
597.6479,-0.0012410885
597.6479,-0.00128167
597.6479,-0.0012828893
597.6479,-0.0013223458
597.6479,-0.0013326431
597.6479,-0.0013889667
597.6479,-0.0014018242
597.6479,-0.0014061899
597.6479,-0.0014280043
597.6479,-0.0015657106
597.6479,-0.0015954749
597.6479,-0.0016073301
597.6479,-0.001741568
597.6479,-0.0017829983
597.6479,-0.0018867155
597.6479,-0.0018995556
597.6479,-0.0019739191
597.6479,-0.0019779982
597.6479,-0.0019952452
602.9771,0.0019860219
602.9771,0.0019826858
602.9771,0.001978463
602.9771,0.0019771927
602.9771,0.0019333226
602.9771,0.0019196298
602.9771,0.0018914393
602.9771,0.0018362478
602.9771,0.0017707116
602.9771,0.0017292426
602.9771,0.0017118622
602.9771,0.0016786788
602.9771,0.0016771197
602.9771,0.0015955726
602.9771,0.0015864023
602.9771,0.0015382116
602.9771,0.0014162454
602.9771,0.0013921402
602.9771,0.0013917469
602.9771,0.0013730293
602.9771,0.0013692367
602.9771,0.0013500563
602.9771,0.0013484816
602.9771,0.001295353
602.9771,0.0012670308
602.9771,0.0012441112
602.9771,0.0012430256
602.9771,0.0011883878
602.9771,0.0011744943
602.9771,0.0011693933
602.9771,0.0011675009
602.9771,0.0010658015
602.9771,0.0010338434
602.9771,0.0010150809
602.9771,0.0010134702
602.9771,0.0010072917
602.9771,0.00099312573
602.9771,0.00099041921
602.9771,0.00097199785
602.9771,0.00093475499
602.9771,0.00085395533
602.9771,0.00081621701
602.9771,0.00079643253
602.9771,0.00077463405
602.9771,0.00076564068
602.9771,0.00074858954
602.9771,0.00069474743
602.9771,0.00069469832
602.9771,0.00068518454
602.9771,0.00059110425
602.9771,0.00059056797
602.9771,0.00057830302
602.9771,0.00052018197
602.9771,0.000516137
602.9771,0.00043600616
602.9771,0.00041528186
602.9771,0.00036002293
602.9771,0.00029044923
602.9771,0.00027135112
602.9771,0.00021684617
602.9771,0.00020068337
602.9771,0.00019927364
602.9771,0.00017277802
602.9771,0.00010132557
602.9771,8.0054044e-05
602.9771,1.2024852e-05
602.9771,-3.17174e-07
602.9771,-6.195003e-06
602.9771,-9.2662906e-05
602.9771,-0.00013591304
602.9771,-0.00013943714
602.9771,-0.00025575359
602.9771,-0.00025766261
602.9771,-0.00026299125
602.9771,-0.00029744706
602.9771,-0.00029864459
602.9771,-0.0003471397
602.9771,-0.00035044836
602.9771,-0.00036013344
602.9771,-0.00043900834
602.9771,-0.00045846749
602.9771,-0.00047126807
602.9771,-0.00047771409
602.9771,-0.00055330924
602.9771,-0.00057173299
602.9771,-0.00064578771
602.9771,-0.00065452701
602.9771,-0.00069831076
602.9771,-0.00072978492
602.9771,-0.00076408013
602.9771,-0.00080155374
602.9771,-0.00084285108
602.9771,-0.0010073881
602.9771,-0.0010256337
602.9771,-0.0011508374
602.9771,-0.0011518015
602.9771,-0.001179651
602.9771,-0.0012577738
602.9771,-0.0012943441
602.9771,-0.0013805072
602.9771,-0.0014100032
602.9771,-0.0014537671
602.9771,-0.0015436849
602.9771,-0.0015857883
602.9771,-0.0016066333
602.9771,-0.0017445872
602.9771,-0.001768238
602.9771,-0.0017956757
602.9771,-0.0018323151
602.9771,-0.0018605732
602.9771,-0.0019294325
602.9771,-0.0019294944
602.9771,-0.001929788
602.9771,-0.0019977394
640.3459,-0.0013446496
640.3459,-0.0017445617
657.8271,0.0019893243
657.8271,0.0019669491
657.8271,0.0019185219
657.8271,0.0019093264
657.8271,0.0018779107
657.8271,0.0018249052
657.8271,0.0017822083
657.8271,0.0017469277
657.8271,0.0016800077
657.8271,0.0016698534
657.8271,0.0016600012
657.8271,0.001635919
657.8271,0.0016192075
657.8271,0.0015894086
657.8271,0.0015797636
657.8271,0.0015506694
657.8271,0.0015220208
657.8271,0.0014828484
657.8271,0.0014648184
657.8271,0.0014435729
657.8271,0.0014431003
657.8271,0.001428264
657.8271,0.0014277546
657.8271,0.0014250605
657.8271,0.0013884775
657.8271,0.0013347294
657.8271,0.0012619033
657.8271,0.0012318607
657.8271,0.0012204272
657.8271,0.0012113268
657.8271,0.0012001857
657.8271,0.0011713304
657.8271,0.0011676681
657.8271,0.0011518716
657.8271,0.0011315279
657.8271,0.0011014318
657.8271,0.0010991448
657.8271,0.0010925683
657.8271,0.001091959
657.8271,0.0010614447
657.8271,0.0010547327
657.8271,0.0010321895
657.8271,0.0010210105
657.8271,0.00099632157
657.8271,0.00099374218
657.8271,0.00099066526
657.8271,0.00098090264
657.8271,0.00096589125
657.8271,0.00094413705
657.8271,0.00093295094
657.8271,0.00092274211
657.8271,0.00091078132
657.8271,0.00083842191
657.8271,0.0008272906
657.8271,0.00081275905
657.8271,0.00080072065
657.8271,0.00078952384
657.8271,0.00070295307
657.8271,0.00069301263
657.8271,0.00068313649
657.8271,0.00065421765
657.8271,0.00064349767
657.8271,0.00063664023
657.8271,0.00054232869
657.8271,0.00053171347
657.8271,0.00052659663
657.8271,0.00050707021
657.8271,0.00049797193
657.8271,0.00049138732
657.8271,0.00048316565
657.8271,0.00046646859
657.8271,0.00037721912
657.8271,0.0003446833
657.8271,0.00029386597
657.8271,0.00028049951
657.8271,0.00027884865
657.8271,0.00027449446
657.8271,0.0002734127
657.8271,0.00024415392
657.8271,0.00022576551
657.8271,0.00021934451
657.8271,0.0001950928
657.8271,0.00015201346
657.8271,0.00011887698
657.8271,0.00010423591
657.8271,9.0519311e-05
657.8271,6.3286209e-05
657.8271,4.2758962e-05
657.8271,2.303054e-05
657.8271,1.5908141e-05
657.8271,2.025898e-06
657.8271,-1.20325e-05
657.8271,-5.3046206e-05
657.8271,-6.4218916e-05
657.8271,-7.0017352e-05
657.8271,-7.6228158e-05
657.8271,-0.0001198656
657.8271,-0.00013039881
657.8271,-0.00013419055
657.8271,-0.0001366432
657.8271,-0.000143955
657.8271,-0.00019909639
657.8271,-0.00021736003
657.8271,-0.00023276721
657.8271,-0.00027978585
657.8271,-0.00028923184
657.8271,-0.00031395204
657.8271,-0.00031971945
657.8271,-0.00032869824
657.8271,-0.00033748864
657.8271,-0.00035810355
657.8271,-0.00037975797
657.8271,-0.00038522845
657.8271,-0.00038577109
657.8271,-0.00040307669
657.8271,-0.00044253523
657.8271,-0.00045617862
657.8271,-0.00045864505
657.8271,-0.00046148079
657.8271,-0.00046738209
657.8271,-0.00051648201
657.8271,-0.00054182328
657.8271,-0.00054252306
657.8271,-0.00059760919
657.8271,-0.00059895355
657.8271,-0.00064861451
657.8271,-0.00064977487
657.8271,-0.00065461016
657.8271,-0.00067437024
657.8271,-0.00068317253
657.8271,-0.00069274519
657.8271,-0.00071012636
657.8271,-0.00071999096
657.8271,-0.00073603648
657.8271,-0.00073712096
657.8271,-0.00075782502
657.8271,-0.00076956948
657.8271,-0.0007705615
657.8271,-0.00078211063
657.8271,-0.00083613405
657.8271,-0.00084197625
657.8271,-0.00085956034
657.8271,-0.00086450883
657.8271,-0.00086625854
657.8271,-0.00087726427
657.8271,-0.00090908049
657.8271,-0.00091145499
657.8271,-0.00091428886
657.8271,-0.00093899709
657.8271,-0.00094176322
657.8271,-0.00094659663
657.8271,-0.00096801177
657.8271,-0.00098638948
657.8271,-0.00100033
657.8271,-0.0010017222
657.8271,-0.0010181737
657.8271,-0.0010222269
657.8271,-0.0010307972
657.8271,-0.0010434516
657.8271,-0.0010506035
657.8271,-0.0010585117
657.8271,-0.0010585151
657.8271,-0.0011268375
657.8271,-0.0011454273
657.8271,-0.0011925687
657.8271,-0.001223099
657.8271,-0.0012415767
657.8271,-0.0012891271
657.8271,-0.0013465608
657.8271,-0.0013539103
657.8271,-0.0013587242
657.8271,-0.0013725819
657.8271,-0.0013852472
657.8271,-0.0013901708
657.8271,-0.0015115001
657.8271,-0.0015239966
657.8271,-0.001570971
657.8271,-0.0015853914
657.8271,-0.0015927181
657.8271,-0.0016216676
657.8271,-0.0016308135
657.8271,-0.001639641
657.8271,-0.001642914
657.8271,-0.0016769958
657.8271,-0.0016815191
657.8271,-0.001683622
657.8271,-0.0017032586
657.8271,-0.0017228436
657.8271,-0.0017339922
657.8271,-0.0017876616
657.8271,-0.0017906979
657.8271,-0.0018063102
657.8271,-0.0018135414
657.8271,-0.0018358277
657.8271,-0.0019104902
657.8271,-0.0019150754
657.8271,-0.0019918885
665.3385,0.001924006
665.3385,0.001831416
665.3385,0.0017986994
665.3385,0.0017965767
665.3385,0.0017775072
665.3385,0.001746001
665.3385,0.0017296974
665.3385,0.0016545858
665.3385,0.0016479346
665.3385,0.0015618554
665.3385,0.0015597258
665.3385,0.0015458982
665.3385,0.0014928469
665.3385,0.0014721537
665.3385,0.001371348
665.3385,0.0012725385
665.3385,0.0012225416
665.3385,0.0012076722
665.3385,0.0012043241
665.3385,0.0011899851
665.3385,0.0011027193
665.3385,0.0010955296
665.3385,0.0010757881
665.3385,0.0010486258
665.3385,0.0010042702
665.3385,0.00099537501
665.3385,0.00099506753
665.3385,0.00094424531
665.3385,0.00091380907
665.3385,0.00086750198
665.3385,0.00069213882
665.3385,0.00043970528
665.3385,0.00042984241
665.3385,0.00025266429
665.3385,0.00018773578
665.3385,0.00013151085
665.3385,9.7588557e-05
665.3385,-6.3829826e-05
665.3385,-0.00010991902
665.3385,-0.00015924726
665.3385,-0.00034487432
665.3385,-0.00038828182
665.3385,-0.00039104688
665.3385,-0.0005675147
665.3385,-0.00059882945
665.3385,-0.00064175259
665.3385,-0.00071735569
665.3385,-0.00074680305
665.3385,-0.00075910532
665.3385,-0.00081281125
665.3385,-0.00086804839
665.3385,-0.00091326242
665.3385,-0.00096496758
665.3385,-0.0011317707
665.3385,-0.0011695876
665.3385,-0.0011749237
665.3385,-0.0012180826
665.3385,-0.0012893996
665.3385,-0.0015113278
665.3385,-0.0015492415
665.3385,-0.0015671637
665.3385,-0.0017412217
665.3385,-0.0018480374
665.3385,-0.0019619496
665.3485,0.0016221318
665.3485,0.0014793079
665.3485,0.0014341755
665.3485,0.0014113994
665.3485,0.0011783391
665.3485,0.0010978789
665.3485,0.00094318131
665.3485,0.00087713057
665.3485,0.00055262734
665.3485,0.00015425776
665.3485,-0.00011991021
665.3566,0.0018650151
665.3566,0.0015819221
665.3566,0.0013703972
665.3566,0.00051009501
665.3566,-0.001719986
665.366,0.0019092096
665.366,-0.00086089834
665.366,-0.0019650321
665.3816,0.001994641
665.3816,0.0019670304
665.3816,0.0017295124
665.3816,0.001617339
665.3816,0.00017500595
665.3816,-0.0012328022
673.3357,0.0019906673
673.3357,0.0019889359
673.3357,0.001939883
673.3357,0.0019291537
673.3357,0.0019181779
673.3357,0.0019155174
673.3357,0.0018441168
673.3357,0.0018163601
673.3357,0.001816346
673.3357,0.0017949187
673.3357,0.0017940235
673.3357,0.0017869487
673.3357,0.0017515874
673.3357,0.0017470183
673.3357,0.0017445199
673.3357,0.0016819047
673.3357,0.001636558
673.3357,0.0016303446
673.3357,0.0016185138
673.3357,0.0015555326
673.3357,0.001533715
673.3357,0.0015286606
673.3357,0.0014683417
673.3357,0.0014639946
673.3357,0.0014447617
673.3357,0.0014316691
673.3357,0.0014097741
673.3357,0.0014018183
673.3357,0.0013724687
673.3357,0.0013547877
673.3357,0.0013416411
673.3357,0.0013008911
673.3357,0.0012230776
673.3357,0.0012155347
673.3357,0.0012082687
673.3357,0.001206684
673.3357,0.0011176195
673.3357,0.0011062629
673.3357,0.0011051926
673.3357,0.0010702468
673.3357,0.0010019989
673.3357,0.00099197456
673.3357,0.00097853382
673.3357,0.0008693882
673.3357,0.00086283344
673.3357,0.00083084781
673.3357,0.00079446164
673.3357,0.0007732701
673.3357,0.00076335723
673.3357,0.00070148709
673.3357,0.00066376627
673.3357,0.00065707934
673.3357,0.0006516334
673.3357,0.0006513205
673.3357,0.00064802947
673.3357,0.00057940248
673.3357,0.00053993452
673.3357,0.00053634914
673.3357,0.00047011238
673.3357,0.00046636552
673.3357,0.00043478332
673.3357,0.00043057434
673.3357,0.00041433296
673.3357,0.00038451416
673.3357,0.00038450714
673.3357,0.00037062726
673.3357,0.00035381401
673.3357,0.00031155761
673.3357,0.00024436911
673.3357,0.00023126785
673.3357,0.00017998091
673.3357,0.00017901037
673.3357,0.00016917066
673.3357,0.00011621341
673.3357,7.6235486e-05
673.3357,5.2885796e-05
673.3357,4.8974133e-05
673.3357,2.5577263e-05
673.3357,-4.9891841e-05
673.3357,-7.5571652e-05
673.3357,-0.00014487133
673.3357,-0.0001619637
673.3357,-0.00016198757
673.3357,-0.0001868871
673.3357,-0.0001873503
673.3357,-0.00020397519
673.3357,-0.00020968707
673.3357,-0.00036055692
673.3357,-0.000389812
673.3357,-0.00039240376
673.3357,-0.00045505879
673.3357,-0.00046575626
673.3357,-0.0006112197
673.3357,-0.00061513621
673.3357,-0.00062972817
673.3357,-0.00069178878
673.3357,-0.00074174146
673.3357,-0.00075137455
673.3357,-0.00076307559
673.3357,-0.00077369323
673.3357,-0.0010015255
673.3357,-0.001044328
673.3357,-0.0011811207
673.3357,-0.0012303045
673.3357,-0.0012310869
673.3357,-0.0014050138
673.3357,-0.0015046491
673.3357,-0.0015853437
673.3357,-0.0017102815
673.3357,-0.0017154854
673.3357,-0.0018642742
673.3357,-0.0018944797
673.3357,-0.0019561198
673.3357,-0.0019894754
681.3238,0.001998316
681.3238,0.0019780473
681.3238,0.0019751083
681.3238,0.001966735
681.3238,0.0019149542
681.3238,0.0018912202
681.3238,0.0018088184
681.3238,0.0017849264
681.3238,0.0017681219
681.3238,0.0017639475
681.3238,0.0017446106
681.3238,0.001635287
681.3238,0.0015633786
681.3238,0.0015095215
681.3238,0.001506014
681.3238,0.0014783908
681.3238,0.0014720264
681.3238,0.0014472199
681.3238,0.0014343133
681.3238,0.0014119778
681.3238,0.0014025259
681.3238,0.0013765558
681.3238,0.0013504724
681.3238,0.0013070265
681.3238,0.0013026504
681.3238,0.0012146242
681.3238,0.0010533237
681.3238,0.0010308894
681.3238,0.0010082121
681.3238,0.00098209723
681.3238,0.00095284096
681.3238,0.00094690746
681.3238,0.00092291454
681.3238,0.00092147466
681.3238,0.00090887967
681.3238,0.00084820253
681.3238,0.00083312182
681.3238,0.00081175471
681.3238,0.00078427385
681.3238,0.00077279126
681.3238,0.00074995097
681.3238,0.00073573651
681.3238,0.00072727125
681.3238,0.00070673267
681.3238,0.00068837859
681.3238,0.00068802722
681.3238,0.00068575709
681.3238,0.00059683328
681.3238,0.00058612386
681.3238,0.00057593997
681.3238,0.00057312081
681.3238,0.00056554431
681.3238,0.00054479159
681.3238,0.00046220721
681.3238,0.00045703645
681.3238,0.00042987883
681.3238,0.00041927727
681.3238,0.00037289117
681.3238,0.00036827643
681.3238,0.00032418515
681.3238,0.00032383779
681.3238,0.00031831971
681.3238,0.00029132246
681.3238,0.00027270081
681.3238,0.00026209179
681.3238,0.0002506904
681.3238,0.00023782952
681.3238,0.00021219575
681.3238,0.00016135722
681.3238,0.00011170189
681.3238,9.3266438e-05
681.3238,9.0645841e-05
681.3238,8.5525285e-05
681.3238,8.4424769e-05
681.3238,4.1407027e-05
681.3238,1.0930027e-05
681.3238,7.702398e-06
681.3238,-3.3961043e-05
681.3238,-5.2489888e-05
681.3238,-7.7207728e-05
681.3238,-8.3382633e-05
681.3238,-9.3240011e-05
681.3238,-0.00011596677
681.3238,-0.000131193
681.3238,-0.00013459421
681.3238,-0.00013998486
681.3238,-0.00014573161
681.3238,-0.00015390482
681.3238,-0.0001647848
681.3238,-0.00018962115
681.3238,-0.00022990807
681.3238,-0.000230743
681.3238,-0.00026364449
681.3238,-0.00027119465
681.3238,-0.00027899862
681.3238,-0.00029191001
681.3238,-0.0003168416
681.3238,-0.00031933847
681.3238,-0.00032684037
681.3238,-0.00032944496
681.3238,-0.00033805047
681.3238,-0.00034434295
681.3238,-0.00035543936
681.3238,-0.00035987416
681.3238,-0.00039393783
681.3238,-0.00039718448
681.3238,-0.00039886275
681.3238,-0.00039890536
681.3238,-0.00040148141
681.3238,-0.00040809955
681.3238,-0.00040933316
681.3238,-0.00041497536
681.3238,-0.00042891299
681.3238,-0.00044114804
681.3238,-0.00044643266
681.3238,-0.00045378064
681.3238,-0.00045646024
681.3238,-0.00045664851
681.3238,-0.00046459549
681.3238,-0.00050993645
681.3238,-0.00051749718
681.3238,-0.0005325689
681.3238,-0.00053691226
681.3238,-0.00054017929
681.3238,-0.0005497061
681.3238,-0.00055081335
681.3238,-0.0005574707
681.3238,-0.00057979488
681.3238,-0.00059152811
681.3238,-0.00059377595
681.3238,-0.00059478241
681.3238,-0.00059653826
681.3238,-0.00061329165
681.3238,-0.000613553
681.3238,-0.00061706397
681.3238,-0.00063328508
681.3238,-0.0006409758
681.3238,-0.00064300063
681.3238,-0.00064562855
681.3238,-0.00065212538
681.3238,-0.00065660707
681.3238,-0.0006612385
681.3238,-0.00066243182
681.3238,-0.00067136394
681.3238,-0.00067451221
681.3238,-0.00069122398
681.3238,-0.00069401647
681.3238,-0.00069633387
681.3238,-0.00070345837
681.3238,-0.00070407891
681.3238,-0.0007063128
681.3238,-0.00070708686
681.3238,-0.00071226443
681.3238,-0.00071262065
681.3238,-0.00071945445
681.3238,-0.00072514457
681.3238,-0.00073006852
681.3238,-0.00074211546
681.3238,-0.00074242868
681.3238,-0.00074421594
681.3238,-0.00075177882
681.3238,-0.00075223942
681.3238,-0.00075740514
681.3238,-0.00076042349
681.3238,-0.00076284526
681.3238,-0.00076298546
681.3238,-0.00076623
681.3238,-0.00076732474
681.3238,-0.00076833246
681.3238,-0.00076857081
681.3238,-0.00077346526
681.3238,-0.00078037604
681.3238,-0.00078227823
681.3238,-0.00078735811
681.3238,-0.00079352112
681.3238,-0.00079669014
681.3238,-0.00079731482
681.3238,-0.0007982337
681.3238,-0.00079871185
681.3238,-0.0008013789
681.3238,-0.00080410067
681.3238,-0.00080671121
681.3238,-0.00080770701
681.3238,-0.00081183509
681.3238,-0.00081348807
681.3238,-0.0008156909
681.3238,-0.00081818246
681.3238,-0.00082509669
681.3238,-0.00083326784
681.3238,-0.00083694365
681.3238,-0.00083739483
681.3238,-0.00084314289
681.3238,-0.00084452215
681.3238,-0.00084562011
681.3238,-0.00084563128
681.3238,-0.00085291637
681.3238,-0.00085735343
681.3238,-0.00085856906
681.3238,-0.00085981076
681.3238,-0.00086127123
681.3238,-0.00086156948
681.3238,-0.00086197646
681.3238,-0.00087491849
681.3238,-0.00088031096
681.3238,-0.00088373317
681.3238,-0.0008891362
681.3238,-0.00089734644
681.3238,-0.00089849886
681.3238,-0.00089912486
681.3238,-0.00090378209
681.3238,-0.00090583924
681.3238,-0.00090846231
681.3238,-0.00090994917
681.3238,-0.00091622325
681.3238,-0.00091842524
681.3238,-0.00092388799
681.3238,-0.00092464694
681.3238,-0.00093610903
681.3238,-0.00093877574
681.3238,-0.00094447806
681.3238,-0.00095118455
681.3238,-0.00095347802
681.3238,-0.00095386667
681.3238,-0.00095399301
681.3238,-0.0009629828
681.3238,-0.00096380676
681.3238,-0.00096384784
681.3238,-0.00096676423
681.3238,-0.00097182329
681.3238,-0.00097261176
681.3238,-0.00097644139
681.3238,-0.0009809811
681.3238,-0.00098376101
681.3238,-0.00098462871
681.3238,-0.00098578907
681.3238,-0.00098748821
681.3238,-0.00099025287
681.3238,-0.00099758825
681.3238,-0.0010052968
681.3238,-0.0010142239
681.3238,-0.001014518
681.3238,-0.0010163022
681.3238,-0.0010180517
681.3238,-0.0010202086
681.3238,-0.0010218431
681.3238,-0.0010229804
681.3238,-0.0010230422
681.3238,-0.0010240924
681.3238,-0.0010255839
681.3238,-0.0010264041
681.3238,-0.0010274845
681.3238,-0.0010295192
681.3238,-0.0010317416
681.3238,-0.0010348823
681.3238,-0.0010378632
681.3238,-0.0010404928
681.3238,-0.0010425519
681.3238,-0.0010464375
681.3238,-0.0010467213
681.3238,-0.0010571093
681.3238,-0.0010610468
681.3238,-0.0010631168
681.3238,-0.0010634784
681.3238,-0.001067165
681.3238,-0.0010762157
681.3238,-0.0010782975
681.3238,-0.0010829747
681.3238,-0.0010836188
681.3238,-0.0010850946
681.3238,-0.0010933583
681.3238,-0.001094996
681.3238,-0.0010959594
681.3238,-0.0011021065
681.3238,-0.0011051236
681.3238,-0.0011066522
681.3238,-0.001107289
681.3238,-0.0011126422
681.3238,-0.0011129598
681.3238,-0.0011175797
681.3238,-0.0011216415
681.3238,-0.0011222908
681.3238,-0.0011232951
681.3238,-0.0011263726
681.3238,-0.0011333481
681.3238,-0.0011334756
681.3238,-0.0011383129
681.3238,-0.0011385514
681.3238,-0.0011471151
681.3238,-0.001150264
681.3238,-0.001150818
681.3238,-0.0011531876
681.3238,-0.0011564254
681.3238,-0.001159557
681.3238,-0.0011602624
681.3238,-0.0011602988
681.3238,-0.0011634001
681.3238,-0.0011661495
681.3238,-0.0011686097
681.3238,-0.0011704166
681.3238,-0.0011722291
681.3238,-0.0011746049
681.3238,-0.0011758582
681.3238,-0.0011764442
681.3238,-0.0011797074
681.3238,-0.0011823514
681.3238,-0.0011939659
681.3238,-0.0011959711
681.3238,-0.0012027309
681.3238,-0.0012037776
681.3238,-0.0012105775
681.3238,-0.0012110482
681.3238,-0.0012121918
681.3238,-0.0012206311
681.3238,-0.0012226977
681.3238,-0.0012237693
681.3238,-0.0012279005
681.3238,-0.0012299425
681.3238,-0.0012328148
681.3238,-0.0012337372
681.3238,-0.0012339785
681.3238,-0.0012356065
681.3238,-0.001246161
681.3238,-0.0012491075
681.3238,-0.0012534041
681.3238,-0.0012582571
681.3238,-0.0012639153
681.3238,-0.0012651652
681.3238,-0.0012653552
681.3238,-0.0012662005
681.3238,-0.0012664742
681.3238,-0.0012690553
681.3238,-0.0012692541
681.3238,-0.0012766028
681.3238,-0.0012783715
681.3238,-0.0012809002
681.3238,-0.0012874984
681.3238,-0.0012907536
681.3238,-0.0012925616
681.3238,-0.0012956991
681.3238,-0.0013005428
681.3238,-0.0013054082
681.3238,-0.0013060947
681.3238,-0.0013064512
681.3238,-0.00130733
681.3238,-0.0013103595
681.3238,-0.0013148055
681.3238,-0.0013151539
681.3238,-0.0013153171
681.3238,-0.0013167576
681.3238,-0.0013172828
681.3238,-0.0013175492
681.3238,-0.0013181063
681.3238,-0.0013181915
681.3238,-0.0013223156
681.3238,-0.0013233935
681.3238,-0.0013244767
681.3238,-0.0013255837
681.3238,-0.0013269982
681.3238,-0.001331014
681.3238,-0.0013330736
681.3238,-0.0013335834
681.3238,-0.0013348014
681.3238,-0.0013373537
681.3238,-0.001341313
681.3238,-0.0013416881
681.3238,-0.0013449269
681.3238,-0.0013450192
681.3238,-0.0013453595
681.3238,-0.0013492474
681.3238,-0.0013524357
681.3238,-0.0013550001
681.3238,-0.0013555166
681.3238,-0.0013598665
681.3238,-0.0013605418
681.3238,-0.0013617389
681.3238,-0.0013659815
681.3238,-0.0013687668
681.3238,-0.0013742481
681.3238,-0.0013744193
681.3238,-0.0013753404
681.3238,-0.0013760146
681.3238,-0.0013766809
681.3238,-0.0013768222
681.3238,-0.001378109
681.3238,-0.0013793887
681.3238,-0.001379492
681.3238,-0.0013804304
681.3238,-0.0013844329
681.3238,-0.0013851066
681.3238,-0.0013854879
681.3238,-0.0013864101
681.3238,-0.0013907686
681.3238,-0.0013934589
681.3238,-0.0013960169
681.3238,-0.0013968627
681.3238,-0.0013982519
681.3238,-0.0014081645
681.3238,-0.0014118847
681.3238,-0.0014174467
681.3238,-0.0014176166
681.3238,-0.0014176441
681.3238,-0.0014208058
681.3238,-0.001427142
681.3238,-0.0014291541
681.3238,-0.0014298319
681.3238,-0.0014331557
681.3238,-0.0014343378
681.3238,-0.0014382456
681.3238,-0.001438982
681.3238,-0.001442043
681.3238,-0.0014431037
681.3238,-0.0014436906
681.3238,-0.0014438346
681.3238,-0.0014459911
681.3238,-0.0014462336
681.3238,-0.0014488864
681.3238,-0.0014490767
681.3238,-0.0014513127
681.3238,-0.0014574895
681.3238,-0.0014584541
681.3238,-0.001461447
681.3238,-0.0014646795
681.3238,-0.0014680352
681.3238,-0.0014692396
681.3238,-0.0014754481
681.3238,-0.0014800923
681.3238,-0.0014925789
681.3238,-0.0014932733
681.3238,-0.0014956813
681.3238,-0.0014976788
681.3238,-0.0014997161
681.3238,-0.0015003236
681.3238,-0.0015012447
681.3238,-0.0015013612
681.3238,-0.0015015582
681.3238,-0.0015047572
681.3238,-0.0015082619
681.3238,-0.0015092696
681.3238,-0.0015092984
681.3238,-0.0015104181
681.3238,-0.0015120615
681.3238,-0.0015131869
681.3238,-0.0015146864
681.3238,-0.0015163747
681.3238,-0.0015184035
681.3238,-0.0015212673
681.3238,-0.0015219884
681.3238,-0.0015230866
681.3238,-0.0015238494
681.3238,-0.0015270816
681.3238,-0.0015293501
681.3238,-0.0015334353
681.3238,-0.0015351344
681.3238,-0.0015384848
681.3238,-0.0015422918
681.3238,-0.001544315
681.3238,-0.0015447518
681.3238,-0.0015451076
681.3238,-0.0015478803
681.3238,-0.0015541567
681.3238,-0.0015550099
681.3238,-0.0015562386
681.3238,-0.0015562411
681.3238,-0.0015571786
681.3238,-0.0015578377
681.3238,-0.0015590599
681.3238,-0.0015607594
681.3238,-0.0015641619
681.3238,-0.001565222
681.3238,-0.0015712821
681.3238,-0.0015759159
681.3238,-0.001577665
681.3238,-0.001578507
681.3238,-0.0015802544
681.3238,-0.0015813724
681.3238,-0.0015831479
681.3238,-0.0015891186
681.3238,-0.0015911048
681.3238,-0.0015912509
681.3238,-0.0015938295
681.3238,-0.0015946784
681.3238,-0.0015954613
681.3238,-0.001596596
681.3238,-0.0015991763
681.3238,-0.0015998993
681.3238,-0.0016050379
681.3238,-0.001605276
681.3238,-0.0016083995
681.3238,-0.0016109871
681.3238,-0.0016132685
681.3238,-0.0016193964
681.3238,-0.0016264436
681.3238,-0.0016291387
681.3238,-0.0016348214
681.3238,-0.0016471026
681.3238,-0.0016539817
681.3238,-0.0016542381
681.3238,-0.0016568406
681.3238,-0.0016647217
681.3238,-0.0016703161
681.3238,-0.0016809304
681.3238,-0.0016816652
681.3238,-0.0016873063
681.3238,-0.0016883025
681.3238,-0.001689814
681.3238,-0.001692134
681.3238,-0.0016929052
681.3238,-0.0016965884
681.3238,-0.0016977472
681.3238,-0.0017002326
681.3238,-0.0017201689
681.3238,-0.0017208379
681.3238,-0.0017226581
681.3238,-0.0017263949
681.3238,-0.0017286317
681.3238,-0.0017305764
681.3238,-0.0017360908
681.3238,-0.001737874
681.3238,-0.0017382612
681.3238,-0.0017396216
681.3238,-0.0017411284
681.3238,-0.0017452803
681.3238,-0.0017491633
681.3238,-0.0017541204
681.3238,-0.0017541248
681.3238,-0.0017557578
681.3238,-0.0017595407
681.3238,-0.0017610427
681.3238,-0.0017623872
681.3238,-0.0017628009
681.3238,-0.0017655177
681.3238,-0.0017660907
681.3238,-0.0017667472
681.3238,-0.0017672956
681.3238,-0.0017751212
681.3238,-0.0017804948
681.3238,-0.0017806895
681.3238,-0.0017829492
681.3238,-0.0017875779
681.3238,-0.0017907057
681.3238,-0.0017994442
681.3238,-0.0018009578
681.3238,-0.00180537
681.3238,-0.001816386
681.3238,-0.0018181734
681.3238,-0.0018198245
681.3238,-0.0018221941
681.3238,-0.0018510539
681.3238,-0.0018522398
681.3238,-0.0018641081
681.3238,-0.001866575
681.3238,-0.0018707413
681.3238,-0.0018758259
681.3238,-0.0018792247
681.3238,-0.0018855944
681.3238,-0.0018880093
681.3238,-0.0018944918
681.3238,-0.0018969686
681.3238,-0.001903246
681.3238,-0.0019105999
681.3238,-0.001912766
681.3238,-0.0019201569
681.3238,-0.0019209794
681.3238,-0.0019210024
681.3238,-0.0019238599
681.3238,-0.0019258118
681.3238,-0.0019352428
681.3238,-0.0019409032
681.3238,-0.0019422393
681.3238,-0.0019422598
681.3238,-0.0019434741
681.3238,-0.0019545314
681.3238,-0.001954765
681.3238,-0.0019556995
681.3238,-0.0019668219
681.3238,-0.001969309
681.3238,-0.0019783352
681.3238,-0.0019813203
681.3238,-0.0019828875
681.3238,-0.0019834948
681.3238,-0.001984267
681.3238,-0.0019963896
681.3238,-0.0019994324
681.3327,0.0019535913
681.3327,0.0019406857
681.3327,0.001921967
681.3327,0.0019032979
681.3327,0.001901524
681.3327,0.0018104125
681.3327,0.0018044249
681.3327,0.0017762733
681.3327,0.001751757
681.3327,0.0017496624
681.3327,0.0016209501
681.3327,0.0016176665
681.3327,0.0016011946
681.3327,0.0015981112
681.3327,0.001592956
681.3327,0.001576161
681.3327,0.0015028615
681.3327,0.0014945677
681.3327,0.0014671432
681.3327,0.0014102923
681.3327,0.0014003552
681.3327,0.0013709143
681.3327,0.0013334459
681.3327,0.0013169769
681.3327,0.0013038705
681.3327,0.0012786423
681.3327,0.0012671701
681.3327,0.0012494804
681.3327,0.0012436899
681.3327,0.0012375038
681.3327,0.0012032162
681.3327,0.0011395452
681.3327,0.0011305578
681.3327,0.001087734
681.3327,0.001073861
681.3327,0.001028064
681.3327,0.0009798237
681.3327,0.00096098272
681.3327,0.00095969017
681.3327,0.00094198897
681.3327,0.00090083291
681.3327,0.0009002748
681.3327,0.00089936394
681.3327,0.00087990964
681.3327,0.00084542855
681.3327,0.00081133025
681.3327,0.00080730195
681.3327,0.00079476083
681.3327,0.00079227831
681.3327,0.0007799674
681.3327,0.00077070381
681.3327,0.00073033751
681.3327,0.00070622914
681.3327,0.00065684226
681.3327,0.00065644401
681.3327,0.00065330507
681.3327,0.00064528448
681.3327,0.0005971772
681.3327,0.00055761688
681.3327,0.00055139089
681.3327,0.00052889739
681.3327,0.00051482399
681.3327,0.00049529932
681.3327,0.00048793917
681.3327,0.00044799117
681.3327,0.0004326919
681.3327,0.00042846959
681.3327,0.00036905885
681.3327,0.00031751246
681.3327,0.00030726991
681.3327,0.00030142111
681.3327,0.00025758849
681.3327,0.00019599166
681.3327,0.00019056294
681.3327,0.00015470732
681.3327,0.00011400978
681.3327,0.00010657136
681.3327,9.5546061e-05
681.3327,9.0083142e-05
681.3327,8.3851398e-05
681.3327,7.3286428e-05
681.3327,7.0619976e-05
681.3327,4.3653972e-05
681.3327,4.0854134e-05
681.3327,2.9549097e-05
681.3327,2.0818364e-05
681.3327,8.4854651e-06
681.3327,4.70681e-06
681.3327,-9.0696819e-05
681.3327,-0.00010405319
681.3327,-0.00014130366
681.3327,-0.00015186822
681.3327,-0.00018628509
681.3327,-0.00018712617
681.3327,-0.00019506374
681.3327,-0.00020881058
681.3327,-0.00021986569
681.3327,-0.00022701379
681.3327,-0.00025461938
681.3327,-0.00028198537
681.3327,-0.00029669453
681.3327,-0.00029767634
681.3327,-0.00032147662
681.3327,-0.00039168772
681.3327,-0.00039635887
681.3327,-0.00041772411
681.3327,-0.00045794184
681.3327,-0.0004739698
681.3327,-0.00051642613
681.3327,-0.00064244508
681.3327,-0.00066335878
681.3327,-0.0006877145
681.3327,-0.00070113816
681.3327,-0.00072290135
681.3327,-0.00074927946
681.3327,-0.00075689852
681.3327,-0.00077913195
681.3327,-0.0007823536
681.3327,-0.00080416678
681.3327,-0.00082837127
681.3327,-0.00087294166
681.3327,-0.00091130073
681.3327,-0.00091784989
681.3327,-0.00098588395
681.3327,-0.0010925353
681.3327,-0.0010938247
681.3327,-0.001144727
681.3327,-0.0012158299
681.3327,-0.0012430861
681.3327,-0.0012576679
681.3327,-0.0012643547
681.3327,-0.0013174514
681.3327,-0.0013686272
681.3327,-0.0014487522
681.3327,-0.0014732311
681.3327,-0.0014780447
681.3327,-0.0015294999
681.3327,-0.0015873869
681.3327,-0.0016617796
681.3327,-0.0016630299
681.3327,-0.0016646478
681.3327,-0.0016713557
681.3327,-0.001756769
681.3327,-0.0017642696
681.3327,-0.0017704967
681.3327,-0.0017817503
681.3327,-0.0017860629
681.3327,-0.0018027659
681.3327,-0.0018191554
681.3327,-0.0018518371
681.3327,-0.0018907476
681.3327,-0.001938135
681.3327,-0.0019994793
688.1253,0.0019301567
688.1253,0.0018830081
688.1253,0.0018723078
688.1253,0.0016493327
688.1253,0.0014585209
688.1253,0.0013871177
688.1253,0.0011157683
688.1253,0.00098459737
688.1253,0.00085529362
688.1253,0.00068841348
688.1253,0.0002383997
688.1253,0.00017776414
688.1253,4.6173267e-05
688.1253,-0.00064027506
688.1253,-0.00096154187
688.1253,-0.00098291541
688.1253,-0.0014039352
688.1253,-0.0015413981
688.1253,-0.0018222932
688.1253,-0.0019771805
688.3333,0.0019452097
688.3333,0.0016344161
688.3333,0.0016047909
688.3333,0.0014346223
688.3333,0.0013488149
688.3333,0.0013431825
688.3333,0.0012710356
688.3333,0.0012647065
688.3333,0.001173729
688.3333,0.00095793094
688.3333,0.00088940082
688.3333,0.00073528038
688.3333,0.00072549424
688.3333,0.00063191711
688.3333,0.00050511258
688.3333,0.00049474425
688.3333,0.00040876308
688.3333,4.723341e-06
688.3333,7.7363597e-07
688.3333,-1.0539159e-05
688.3333,-4.5630169e-05
688.3333,-6.866991e-05
688.3333,-7.2839246e-05
688.3333,-0.00019350094
688.3333,-0.00021063173
688.3333,-0.00032577285
688.3333,-0.00033437014
688.3333,-0.00033942805
688.3333,-0.00039565343
688.3333,-0.00052253503
688.3333,-0.00053060582
688.3333,-0.00056411741
688.3333,-0.00063451098
688.3333,-0.00064216401
688.3333,-0.00071110413
688.3333,-0.00072350336
688.3333,-0.00083555214
688.3333,-0.00087651864
688.3333,-0.00096885787
688.3333,-0.00097573915
688.3333,-0.0010523974
688.3333,-0.0010945513
688.3333,-0.0011286141
688.3333,-0.001204438
688.3333,-0.0013038199
688.3333,-0.0014340552
688.3333,-0.0014616126
688.3333,-0.0014643255
688.3333,-0.0014958659
688.3333,-0.001498832
688.3333,-0.0015810265
688.3333,-0.0016919999
688.3333,-0.0017098219
688.3333,-0.0017629004
688.3333,-0.0019765028
688.6616,0.0019791876
688.6616,0.0019716253
688.6616,0.0019647396
688.6616,0.0019625074
688.6616,0.0019498747
688.6616,0.0018929291
688.6616,0.001889965
688.6616,0.0018878222
688.6616,0.0018866984
688.6616,0.0018738862
688.6616,0.0018692397
688.6616,0.0018628681
688.6616,0.0018507319
688.6616,0.0018418046
688.6616,0.0018271186
688.6616,0.0018146109
688.6616,0.001811472
688.6616,0.0018059645
688.6616,0.0018033556
688.6616,0.0017922385
688.6616,0.0017675688
688.6616,0.0017607438
688.6616,0.0017465942
688.6616,0.0017388626
688.6616,0.0017255292
688.6616,0.0017245123
688.6616,0.0017233739
688.6616,0.0016828366
688.6616,0.0016684407
688.6616,0.0016529233
688.6616,0.0016442318
688.6616,0.0016353795
688.6616,0.0016296588
688.6616,0.0016206402
688.6616,0.0015965394
688.6616,0.0015942764
688.6616,0.0015858629
688.6616,0.0015762045
688.6616,0.0015495166
688.6616,0.001544802
688.6616,0.0015370298
688.6616,0.0015237415
688.6616,0.001499025
688.6616,0.0014761147
688.6616,0.001470298
688.6616,0.0014529951
688.6616,0.0014171313
688.6616,0.0014170321
688.6616,0.0014082617
688.6616,0.0013989829
688.6616,0.0013813735
688.6616,0.0013384443
688.6616,0.0013111177
688.6616,0.0012868831
688.6616,0.0012747027
688.6616,0.0012671837
688.6616,0.0012629404
688.6616,0.0012626083
688.6616,0.001259483
688.6616,0.0012551855
688.6616,0.0012149733
688.6616,0.0012047022
688.6616,0.0011931874
688.6616,0.001170237
688.6616,0.0011576566
688.6616,0.0011477151
688.6616,0.0011383274
688.6616,0.0011031092
688.6616,0.0011004988
688.6616,0.0010919548
688.6616,0.0010864647
688.6616,0.0010818777
688.6616,0.0010807691
688.6616,0.0010706253
688.6616,0.0010654338
688.6616,0.0010625782
688.6616,0.0010591922
688.6616,0.0010504276
688.6616,0.0010321008
688.6616,0.001013871
688.6616,0.001003029
688.6616,0.00094199217
688.6616,0.00093438049
688.6616,0.00093335011
688.6616,0.00092628114
688.6616,0.00091818761
688.6616,0.00090719229
688.6616,0.0008856582
688.6616,0.00084595627
688.6616,0.00081920002
688.6616,0.0008186952
688.6616,0.00079568688
688.6616,0.00079283217
688.6616,0.00078604668
688.6616,0.00071213209
688.6616,0.00063524672
688.6616,0.00062928573
688.6616,0.00062296158
688.6616,0.00061670944
688.6616,0.00060690941
688.6616,0.00060324921
688.6616,0.00059410987
688.6616,0.00058247435
688.6616,0.00055236454
688.6616,0.00055134758
688.6616,0.00054776202
688.6616,0.00054190603
688.6616,0.00053014655
688.6616,0.00050652075
688.6616,0.00049093871
688.6616,0.00048259365
688.6616,0.00042773075
688.6616,0.00042339936
688.6616,0.00042073734
688.6616,0.00038060845
688.6616,0.00032282571
688.6616,0.00031589484
688.6616,0.00028864594
688.6616,0.00028852742
688.6616,0.00019928983
688.6616,0.00018171127
688.6616,0.00014933983
688.6616,0.00014273154
688.6616,0.00012733989
688.6616,0.00012492898
688.6616,0.00011303378
688.6616,0.00010349493
688.6616,0.00010240882
688.6616,9.4537756e-05
688.6616,8.7590884e-05
688.6616,6.8395479e-05
688.6616,2.6431532e-05
688.6616,2.0136771e-05
688.6616,1.2329952e-05
688.6616,2.631858e-06
688.6616,-3.5690415e-05
688.6616,-5.4750251e-05
688.6616,-6.2281519e-05
688.6616,-7.3729056e-05
688.6616,-7.5946764e-05
688.6616,-0.00011093678
688.6616,-0.00013832142
688.6616,-0.00014861585
688.6616,-0.00016597114
688.6616,-0.00018649896
688.6616,-0.00020366289
688.6616,-0.00021152404
688.6616,-0.00022789511
688.6616,-0.00022920325
688.6616,-0.00023684865
688.6616,-0.00025466039
688.6616,-0.00026201297
688.6616,-0.00026342955
688.6616,-0.00026676343
688.6616,-0.00027646026
688.6616,-0.00029021577
688.6616,-0.00032122932
688.6616,-0.00040869099
688.6616,-0.0004235288
688.6616,-0.00043626005
688.6616,-0.00045216882
688.6616,-0.00047007895
688.6616,-0.00047601911
688.6616,-0.00048459926
688.6616,-0.00054329415
688.6616,-0.00056749514
688.6616,-0.0006842201
688.6616,-0.00068789218
688.6616,-0.00069482474
688.6616,-0.00069876642
688.6616,-0.00070431604
688.6616,-0.00070687624
688.6616,-0.00070945151
688.6616,-0.0007443764
688.6616,-0.00075660219
688.6616,-0.00078688243
688.6616,-0.00079086865
688.6616,-0.00080111988
688.6616,-0.00081352591
688.6616,-0.00082376592
688.6616,-0.0008386231
688.6616,-0.00084978357
688.6616,-0.00085077282
688.6616,-0.00085083052
688.6616,-0.00089220892
688.6616,-0.00091594366
688.6616,-0.00091865465
688.6616,-0.00093603207
688.6616,-0.0009642194
688.6616,-0.00099429749
688.6616,-0.0010688368
688.6616,-0.001107233
688.6616,-0.0011204703
688.6616,-0.0011260632
688.6616,-0.0011355424
688.6616,-0.0011409936
688.6616,-0.0012045387
688.6616,-0.0012122727
688.6616,-0.0012135104
688.6616,-0.001225673
688.6616,-0.0012269585
688.6616,-0.0012692152
688.6616,-0.00132917
688.6616,-0.0014003083
688.6616,-0.0014348288
688.6616,-0.0014477495
688.6616,-0.0014703918
688.6616,-0.0014821956
688.6616,-0.0014857359
688.6616,-0.001571393
688.6616,-0.0015777413
688.6616,-0.0015866994
688.6616,-0.0015872197
688.6616,-0.0016418041
688.6616,-0.0016517724
688.6616,-0.0017013138
688.6616,-0.0017798224
688.6616,-0.001934009
688.6616,-0.0019559634
688.6616,-0.001976644
688.6616,-0.0019996694
692.8512,0.0019737387
692.8512,0.001938709
692.8512,0.0019198721
692.8512,0.0018792491
692.8512,0.0018729913
692.8512,0.0017896517
692.8512,0.0016744193
692.8512,0.0016432239
692.8512,0.001516894
692.8512,0.0012650341
692.8512,0.0012484926
692.8512,0.0012380371
692.8512,0.0011692304
692.8512,0.001098636
692.8512,0.00087482796
692.8512,0.00077026701
692.8512,0.0007354874
692.8512,0.00063253522
692.8512,0.00060823145
692.8512,0.00023613799
692.8512,0.00022028436
692.8512,5.660457e-06
692.8512,-0.00065708929
692.8512,-0.00073797731
692.8512,-0.00074448122
692.8512,-0.00081402352
692.8512,-0.00089526542
692.8512,-0.0010071561
692.8512,-0.0010793582
692.8512,-0.0012450034
692.8512,-0.0013386624
692.8512,-0.0014301462
692.8512,-0.0015018387
692.8512,-0.0015205556
692.8512,-0.0016496506
692.8512,-0.0016665097
692.8512,-0.0017026074
692.8512,-0.0017429864
693.6655,0.0019234011
693.6655,0.0018447021
693.6655,0.0017400109
693.6655,0.0016630724
693.6655,0.0016019685
693.6655,0.0014960566
693.6655,0.0014607074
693.6655,0.0014038777
693.6655,0.0012801604
693.6655,0.0011493813
693.6655,0.0010852286
693.6655,0.00084931228
693.6655,0.00081983148
693.6655,0.00068338129
693.6655,0.00023146754
693.6655,9.1868239e-05
693.6655,-2.4841e-05
693.6655,-0.00053752267
693.6655,-0.00079610951
693.6655,-0.00099448183
696.8502,0.0019744851
696.8502,0.0019259862
696.8502,0.0018137727
696.8502,0.0017488084
696.8502,0.001696643
696.8502,0.001626193
696.8502,0.0014454795
696.8502,0.0013885281
696.8502,0.0013480296
696.8502,0.0012851421
696.8502,0.0012770942
696.8502,0.001191382
696.8502,0.0011841911
696.8502,0.0010125583
696.8502,0.00098635647
696.8502,0.00096482543
696.8502,0.00094368272
696.8502,0.00077101412
696.8502,0.00071695556
696.8502,0.00071256321
696.8502,0.00068020169
696.8502,0.00067407631
696.8502,0.00059140856
696.8502,0.00052067131
696.8502,0.00045775195
696.8502,0.00041587684
696.8502,0.00024631897
696.8502,0.00015600228
696.8502,0.00012131214
696.8502,9.7768374e-05
696.8502,9.2963815e-05
696.8502,4.4540406e-05
696.8502,2.2443082e-05
696.8502,-3.4135572e-05
696.8502,-7.0686739e-05
696.8502,-7.6259712e-05
696.8502,-0.00013305453
696.8502,-0.00017637578
696.8502,-0.00020955037
696.8502,-0.00022850991
696.8502,-0.00023569524
696.8502,-0.00024192092
696.8502,-0.00026624788
696.8502,-0.00028774782
696.8502,-0.00029251236
696.8502,-0.0003070058
696.8502,-0.00037431369
696.8502,-0.00037543794
696.8502,-0.00038939437
696.8502,-0.00040086071
696.8502,-0.000415109
696.8502,-0.0004915639
696.8502,-0.00050855899
696.8502,-0.00051224182
696.8502,-0.00054164213
696.8502,-0.00055224686
696.8502,-0.00057449841
696.8502,-0.0006501753
696.8502,-0.00069805492
696.8502,-0.00072238395
696.8502,-0.00083672766
696.8502,-0.0009073207
696.8502,-0.00090781713
696.8502,-0.00094126996
696.8502,-0.00097451825
696.8502,-0.00098485188
696.8502,-0.0010016076
696.8502,-0.0010091183
696.8502,-0.0010162911
696.8502,-0.0010291148
696.8502,-0.0011139021
696.8502,-0.0011205746
696.8502,-0.0011657654
696.8502,-0.0011679965
696.8502,-0.0012077973
696.8502,-0.0012120895
696.8502,-0.0012320954
696.8502,-0.0012590356
696.8502,-0.0012657688
696.8502,-0.0012767037
696.8502,-0.0012820716
696.8502,-0.0013061881
696.8502,-0.0013259552
696.8502,-0.0013654697
696.8502,-0.0013925151
696.8502,-0.0013996498
696.8502,-0.0014117572
696.8502,-0.0014170676
696.8502,-0.0014410895
696.8502,-0.0014465199
696.8502,-0.0015313683
696.8502,-0.0015470865
696.8502,-0.0015935822
696.8502,-0.0016043202
696.8502,-0.0016217645
696.8502,-0.0016225814
696.8502,-0.0016465257
696.8502,-0.0016932286
696.8502,-0.0017493029
696.8502,-0.0017507385
696.8502,-0.0018043443
696.8502,-0.0018047944
696.8502,-0.0018347198
696.8502,-0.0018584259
696.8502,-0.0018612004
696.8502,-0.0018680848
696.8502,-0.0018917136
696.8502,-0.0019826926
720.1493,0.0018337652
720.1493,0.0017311468
720.1493,0.0017296288
720.1493,0.0012373003
720.1493,0.00048810297
720.1493,-0.00076203341
724.148,0.0018004339
724.148,0.0013337006
724.148,0.0012344769
724.148,0.00075898934
724.148,0.00055890379
724.148,0.00012545018
724.148,-0.0007341951
849.7681,0.0019172981
849.7681,0.0017414087
849.7681,0.00054192473
849.7681,0.00049505434
849.7681,0.00019435694
849.7681,-1.543762e-06
849.7681,-9.3595368e-05
849.7681,-0.00014936112
849.7681,-0.00020710245
849.7681,-0.00062438555
887.4544,0.0019912838
887.4544,0.0019903715
887.4544,0.0019893961
887.4544,0.0019779962
887.4544,0.001974875
887.4544,0.0019621945
887.4544,0.0019594498
887.4544,0.0019578546
887.4544,0.0019475425
887.4544,0.0019455254
887.4544,0.0019382765
887.4544,0.0019341201
887.4544,0.0019316827
887.4544,0.0019242463
887.4544,0.0019220534
887.4544,0.0019183091
887.4544,0.0019179529
887.4544,0.0019176367
887.4544,0.0019076852
887.4544,0.0019028379
887.4544,0.0019019213
887.4544,0.0019009184
887.4544,0.0018634761
887.4544,0.00186189
887.4544,0.0018505723
887.4544,0.0018307452
887.4544,0.0018217759
887.4544,0.0018017514
887.4544,0.0018009654
887.4544,0.0017897261
887.4544,0.0017812222
887.4544,0.0017807643
887.4544,0.001779202
887.4544,0.0017655741
887.4544,0.0017507429
887.4544,0.0017433905
887.4544,0.0017376368
887.4544,0.0017351251
887.4544,0.0017347768
887.4544,0.0017308077
887.4544,0.0017259452
887.4544,0.0017177285
887.4544,0.0017111989
887.4544,0.0017106847
887.4544,0.001705013
887.4544,0.0017019383
887.4544,0.0016906454
887.4544,0.0016821344
887.4544,0.0016792182
887.4544,0.0016750858
887.4544,0.0016717414
887.4544,0.0016675025
887.4544,0.0016494179
887.4544,0.0016398367
887.4544,0.0016380933
887.4544,0.0016345284
887.4544,0.0016263849
887.4544,0.0016261976
887.4544,0.0016175221
887.4544,0.0016166712
887.4544,0.0016159555
887.4544,0.0016130868
887.4544,0.001612331
887.4544,0.0016053067
887.4544,0.001594627
887.4544,0.001584032
887.4544,0.0015818044
887.4544,0.0015795731
887.4544,0.0015793131
887.4544,0.0015775045
887.4544,0.0015735557
887.4544,0.0015718546
887.4544,0.001566872
887.4544,0.0015663987
887.4544,0.001563815
887.4544,0.0015631562
887.4544,0.0015570629
887.4544,0.0015567988
887.4544,0.0015567261
887.4544,0.0015530588
887.4544,0.0015515947
887.4544,0.0015489293
887.4544,0.0015479009
887.4544,0.0015417083
887.4544,0.0015330317
887.4544,0.0015319786
887.4544,0.0015054965
887.4544,0.0015041291
887.4544,0.001499428
887.4544,0.0014988033
887.4544,0.0014850908
887.4544,0.0014727479
887.4544,0.0014694381
887.4544,0.0014690252
887.4544,0.0014577703
887.4544,0.001441671
887.4544,0.0014403304
887.4544,0.0014387519
887.4544,0.0014352143
887.4544,0.0014284375
887.4544,0.0014114693
887.4544,0.0013994879
887.4544,0.0013961155
887.4544,0.0013909917
887.4544,0.0013835644
887.4544,0.0013810109
887.4544,0.0013774385
887.4544,0.0013724985
887.4544,0.0013684099
887.4544,0.0013662612
887.4544,0.0013562296
887.4544,0.0013291115
887.4544,0.0013131144
887.4544,0.0013129187
887.4544,0.0013102539
887.4544,0.0013089684
887.4544,0.0013001319
887.4544,0.0012943119
887.4544,0.0012781213
887.4544,0.0012709644
887.4544,0.0012672796
887.4544,0.0012666583
887.4544,0.001262975
887.4544,0.0012625464
887.4544,0.0012585678
887.4544,0.0012572171
887.4544,0.0012449654
887.4544,0.0012401849
887.4544,0.0012329133
887.4544,0.0012313802
887.4544,0.0012235357
887.4544,0.0012163967
887.4544,0.0012159668
887.4544,0.0012157384
887.4544,0.0012131561
887.4544,0.0012041564
887.4544,0.0011911999
887.4544,0.0011875221
887.4544,0.0011801233
887.4544,0.001174362
887.4544,0.0011637524
887.4544,0.0011428058
887.4544,0.0011421628
887.4544,0.0011291264
887.4544,0.001123269
887.4544,0.0011162502
887.4544,0.0011151827
887.4544,0.0011139163
887.4544,0.0011096542
887.4544,0.0011051113
887.4544,0.0011045695
887.4544,0.0010906555
887.4544,0.0010886803
887.4544,0.001083062
887.4544,0.0010596143
887.4544,0.0010532
887.4544,0.0010340245
887.4544,0.0010327017
887.4544,0.0010238209
887.4544,0.0010190926
887.4544,0.0010171109
887.4544,0.0010150541
887.4544,0.0010128155
887.4544,0.001004743
887.4544,0.0010020665
887.4544,0.00099953498
887.4544,0.00099702496
887.4544,0.00099111132
887.4544,0.00099090938
887.4544,0.0009891443
887.4544,0.00097290646
887.4544,0.00096919005
887.4544,0.00094365493
887.4544,0.00093294973
887.4544,0.00093077179
887.4544,0.00092760848
887.4544,0.0009101177
887.4544,0.00090484662
887.4544,0.00090067032
887.4544,0.00089069295
887.4544,0.00088411175
887.4544,0.00087867786
887.4544,0.00087264763
887.4544,0.00086735484
887.4544,0.00085609187
887.4544,0.0008470747
887.4544,0.00083113463
887.4544,0.00080169332
887.4544,0.00080048629
887.4544,0.00079790015
887.4544,0.00078567702
887.4544,0.00077750978
887.4544,0.00077398395
887.4544,0.00075845025
887.4544,0.00075369059
887.4544,0.0007513713
887.4544,0.00073839469
887.4544,0.00072139425
887.4544,0.00071729382
887.4544,0.00069916196
887.4544,0.000699116
887.4544,0.00068998843
887.4544,0.00068349275
887.4544,0.00067798268
887.4544,0.00067496779
887.4544,0.00067374703
887.4544,0.00067253687
887.4544,0.00064735351
887.4544,0.00064672154
887.4544,0.00064268488
887.4544,0.00063981234
887.4544,0.0006370593
887.4544,0.00063340767
887.4544,0.00063300972
887.4544,0.00062513017
887.4544,0.00061698982
887.4544,0.00060257864
887.4544,0.00058590181
887.4544,0.00058071222
887.4544,0.00055985555
887.4544,0.00054418127
887.4544,0.00054101157
887.4544,0.0005375239
887.4544,0.0005367267
887.4544,0.00053545689
887.4544,0.00053039689
887.4544,0.00050970021
887.4544,0.00050188859
887.4544,0.00050121564
887.4544,0.0004757277
887.4544,0.00047536501
887.4544,0.00047428214
887.4544,0.00046402756
887.4544,0.00044948238
887.4544,0.00044779467
887.4544,0.00043777171
887.4544,0.0004046917
887.4544,0.00040390607
887.4544,0.00038922211
887.4544,0.00038545867
887.4544,0.00038353454
887.4544,0.00038280658
887.4544,0.00033826246
887.4544,0.00028234206
887.4544,0.00026676774
887.4544,0.00026306663
887.4544,0.00024535472
887.4544,0.00024455553
887.4544,0.00021887681
887.4544,0.00021546995
887.4544,0.00021237403
887.4544,0.00019954134
887.4544,0.00019370854
887.4544,0.00019212723
887.4544,0.00016749739
887.4544,0.00016508619
887.4544,0.00016080247
887.4544,0.00015599391
887.4544,0.00014854125
887.4544,0.00014806125
887.4544,0.0001119699
887.4544,0.00010626579
887.4544,9.5622744e-05
887.4544,8.1941284e-05
887.4544,8.1447089e-05
887.4544,7.5563791e-05
887.4544,5.7654582e-05
887.4544,4.4053539e-05
887.4544,4.1450698e-05
887.4544,3.6035873e-05
887.4544,3.5434822e-05
887.4544,2.5083877e-05
887.4544,1.4075864e-05
887.4544,-1.0136369e-05
887.4544,-1.5494212e-05
887.4544,-2.6066879e-05
887.4544,-7.1287349e-05
887.4544,-7.4488924e-05
887.4544,-7.7593657e-05
887.4544,-7.9914736e-05
887.4544,-9.5496043e-05
887.4544,-0.00010257176
887.4544,-0.00010975956
887.4544,-0.00011142275
887.4544,-0.00011864847
887.4544,-0.00012913229
887.4544,-0.00018799254
887.4544,-0.00024148589
887.4544,-0.00024465469
887.4544,-0.00024950373
887.4544,-0.00025951151
887.4544,-0.00027600538
887.4544,-0.00028672834
887.4544,-0.00028845386
887.4544,-0.00029000919
887.4544,-0.00029071429
887.4544,-0.00031166476
887.4544,-0.00032671444
887.4544,-0.00034020809
887.4544,-0.00034693332
887.4544,-0.00037196501
887.4544,-0.00041175156
887.4544,-0.00050070848
887.4544,-0.00050218952
887.4544,-0.00054010691
887.4544,-0.00054297678
887.4544,-0.00055551122
887.4544,-0.00060285002
887.4544,-0.00065516998
887.4544,-0.00067524196
887.4544,-0.00067763805
887.4544,-0.00067847269
887.4544,-0.00068090818
887.4544,-0.00068216424
887.4544,-0.00073642745
887.4544,-0.00073887127
887.4544,-0.00074459457
887.4544,-0.00081540621
887.4544,-0.00091642757
887.4544,-0.00097112886
887.4544,-0.001023516
887.4544,-0.0010286365
887.4544,-0.0010429347
887.4544,-0.0010573358
887.4544,-0.0010758328
887.4544,-0.0010881732
887.4544,-0.0011072365
887.4544,-0.0011258757
887.4544,-0.0011403714
887.4544,-0.0011893033
887.4544,-0.0012105075
887.4544,-0.0012252367
887.4544,-0.0012428998
887.4544,-0.0012513322
887.4544,-0.0012616936
887.4544,-0.0012739218
887.4544,-0.0012771083
887.4544,-0.0013090264
887.4544,-0.0013129706
887.4544,-0.0013712443
887.4544,-0.0013857197
887.4544,-0.001458755
887.4544,-0.001458874
887.4544,-0.0015087897
887.4544,-0.0015455974
887.4544,-0.0015893698
887.4544,-0.0016983342
887.4544,-0.0017138237
887.4544,-0.0017291448
887.4544,-0.0017301556
887.4544,-0.0017416463
887.4544,-0.0018165721
887.4544,-0.0018236694
887.4544,-0.001827582
887.4544,-0.0018490514
887.4544,-0.0018983486
887.4544,-0.001910404
887.4544,-0.0019210669
887.9689,0.0018900933
887.9689,0.0018778171
887.9689,0.0018548022
887.9689,0.0018048017
887.9689,0.0017996832
887.9689,0.0017615113
887.9689,0.0017215156
887.9689,0.0016261964
887.9689,0.0015854862
887.9689,0.0015611993
887.9689,0.001472292
887.9689,0.0014697474
887.9689,0.0014418208
887.9689,0.0014239247
887.9689,0.0013797788
887.9689,0.0013732169
887.9689,0.0012424167
887.9689,0.0012164766
887.9689,0.0010986807
887.9689,0.0010772346
887.9689,0.0009574311
887.9689,0.00088871009
887.9689,0.00068307834
887.9689,0.00064785156
887.9689,0.00048309318
887.9689,0.00033425988
887.9689,0.00032654619
887.9689,0.00029790295
887.9689,0.00020419498
887.9689,0.00011175059
887.9689,-3.076289e-05
887.9689,-0.00042632091
887.9689,-0.00051364963
887.9689,-0.00059792089
887.9689,-0.00063353883
887.9689,-0.00070283876
887.9689,-0.0011865235
887.9689,-0.0012397948
887.9689,-0.0013747705
887.9689,-0.0017195616
887.9689,-0.001770927
887.9689,-0.0018080852
895.9665,0.0018945349
895.9665,0.0017117363
895.9665,0.0017006154
895.9665,0.0015556182
895.9665,0.0014129705
895.9665,0.0012709096
895.9665,0.0011167677
895.9665,0.0010356173
895.9665,0.00086662952
895.9665,0.00064940679
895.9665,0.00053268551
895.9665,0.0003524254
895.9665,5.7488177e-05
895.9665,3.8892707e-05
895.9665,-1.463957e-06
895.9665,-2.4602374e-05
895.9665,-0.00017181611
895.9665,-0.00033550901
895.9665,-0.00039881681
895.9665,-0.0005766143
895.9665,-0.00064354486
895.9665,-0.00066084318
895.9665,-0.00067023519
895.9665,-0.00082857295
895.9665,-0.0018786679
895.9665,-0.0019178085
903.9606,0.0019699062
903.9606,0.0019676225
903.9606,0.001725797
903.9606,0.0016392436
903.9606,0.0015416956
903.9606,0.0015272849
903.9606,0.0014728188
903.9606,0.0014239998
903.9606,0.0012609495
903.9606,0.0011086309
903.9606,0.0011022392
903.9606,0.00093461158
903.9606,0.00084889419
903.9606,0.00077043638
903.9606,0.00074598951
903.9606,0.00074194731
903.9606,0.00073685621
903.9606,0.0007342432
903.9606,0.00073145033
903.9606,0.00065918355
903.9606,0.00059715692
903.9606,0.00055108482
903.9606,0.00044316984
903.9606,0.00022211091
903.9606,0.00016421394
903.9606,0.00012942478
903.9606,-0.00016189688
903.9606,-0.0002949946
903.9606,-0.00052961329
903.9606,-0.00056518642
903.9606,-0.0010348441
903.9606,-0.0011684949
903.9606,-0.0012018798
903.9606,-0.0012690214
903.9606,-0.0014234258
903.9606,-0.0015242944
903.9606,-0.0015624667
903.9606,-0.0015684177
903.9606,-0.0016068468
903.9606,-0.0016386725
903.9606,-0.0016662265
903.9606,-0.0017059067
903.9606,-0.0017127759
903.9606,-0.0017923267
903.9606,-0.0019125172
922.4949,0.0017253929
922.4949,0.00096216419
922.4949,-0.0014642868
922.4949,-0.0015413809
922.4949,-0.0015680201
923.4644,0.0017124153
923.4644,0.0011432417
923.4644,0.00099147544
923.4644,0.00080343526
923.4644,0.00080022596
923.4644,0.00079778773
923.4644,0.00071940326
923.4644,0.00063981218
923.4644,0.00020566342
923.4644,0.00015413688
923.4644,-2.8584318e-05
923.4644,-0.00013265439
923.4644,-0.00054023111
923.4644,-0.00056644742
923.4644,-0.0005824338
923.4644,-0.00067151146
923.4644,-0.00076967143
923.4644,-0.00077731327
923.4644,-0.00085609852
923.4644,-0.0010097929
923.4644,-0.0010357244
923.4644,-0.001162898
923.4644,-0.0013811209
923.4644,-0.0014369155
923.4644,-0.0015927279
923.4644,-0.0016027296
923.4644,-0.0017511776
923.4644,-0.0018496535
923.4644,-0.0019781583
928.4634,0.0019913321
928.4634,0.0018628526
928.4634,0.0018563548
928.4634,0.001846626
928.4634,0.0017787781
928.4634,0.0015992567
928.4634,0.0015372686
928.4634,0.0014982424
928.4634,0.0014220857
928.4634,0.0013773809
928.4634,0.001339837
928.4634,0.0013336633
928.4634,0.001287486
928.4634,0.0012690633
928.4634,0.0011526844
928.4634,0.0011496025
928.4634,0.0011434686
928.4634,0.0010507441
928.4634,0.0009371989
928.4634,0.00077610644
928.4634,0.00064315838
928.4634,0.00059697497
928.4634,0.00059081717
928.4634,0.00056738005
928.4634,0.00053789099
928.4634,0.00051496083
928.4634,0.00051333415
928.4634,0.00051025357
928.4634,0.00050882978
928.4634,0.00048217661
928.4634,0.00042758419
928.4634,0.00041499395
928.4634,0.00040762705
928.4634,0.0003552339
928.4634,0.00032593545
928.4634,0.00029865847
928.4634,0.00025585134
928.4634,0.00024892162
928.4634,0.00021685373
928.4634,0.00020204525
928.4634,0.00017577401
928.4634,0.00015553429
928.4634,0.00013079596
928.4634,0.00012679484
928.4634,0.00012522644
928.4634,7.3914512e-05
928.4634,1.3614835e-05
928.4634,-8.288585e-06
928.4634,-7.3386121e-05
928.4634,-7.7205415e-05
928.4634,-0.00014880958
928.4634,-0.00022946647
928.4634,-0.00024820527
928.4634,-0.0004068097
928.4634,-0.00043863737
928.4634,-0.00052946597
928.4634,-0.00065148865
928.4634,-0.00065331663
928.4634,-0.00067602344
928.4634,-0.00072768342
928.4634,-0.00074136722
928.4634,-0.00075483377
928.4634,-0.00083435434
928.4634,-0.0010251561
928.4634,-0.0011102694
928.4634,-0.0011550849
928.4634,-0.0011952331
928.4634,-0.0012940632
928.4634,-0.0012951729
928.4634,-0.0013320142
928.4634,-0.0014027391
928.4634,-0.0014612928
928.4634,-0.0014972105
928.4634,-0.001540382
928.4634,-0.0015619077
928.4634,-0.0015698683
928.4634,-0.0016644686
928.4634,-0.0016828873
928.4634,-0.0017064787
928.4634,-0.0019452153
928.4634,-0.0019469449
928.4634,-0.0019782463
928.7964,0.0019951356
928.7964,0.0019743782
928.7964,0.0016613484
928.7964,0.001642857
928.7964,0.0015907299
928.7964,0.0015606218
928.7964,0.0012990229
928.7964,0.0011665263
928.7964,0.00076856365
928.7964,0.00065418167
928.7964,0.00063866477
928.7964,0.00062897633
928.7964,0.00042962188
928.7964,0.00026625414
928.7964,0.00013065563
928.7964,0.00012462226
928.7964,-1.927788e-06
928.7964,-0.0006571349
928.7964,-0.00066742234
928.7964,-0.00072422547
928.7964,-0.0008913315
928.7964,-0.00092557613
928.7964,-0.0013380735
928.7964,-0.0014781344
928.7964,-0.0015846355
928.7964,-0.0016858256
928.7964,-0.0016955896
928.7964,-0.0018112726
928.7964,-0.0018547235
928.7964,-0.0019345672
928.7964,-0.0019720111
934.1269,0.0019925855
934.1269,0.001858073
934.1269,0.0016273253
934.1269,0.001605041
934.1269,0.0015449067
934.1269,0.0014913477
934.1269,0.0014474079
934.1269,0.0013790121
934.1269,0.0013048004
934.1269,0.0012939653
934.1269,0.0011631602
934.1269,0.0010967351
934.1269,0.0010860467
934.1269,0.00089990207
934.1269,0.00081706824
934.1269,0.00069876424
934.1269,0.00059471156
934.1269,0.00052448363
934.1269,0.000169999
934.1269,6.1629075e-05
934.1269,1.6013756e-05
934.1269,-5.4652537e-05
934.1269,-0.00011972342
934.1269,-0.00042424086
934.1269,-0.00054754343
934.1269,-0.00057463291
934.1269,-0.00063764205
934.1269,-0.00088983686
934.1269,-0.0013095202
934.1269,-0.001331136
939.4606,0.0019092238
939.4606,0.0018896711
939.4606,0.001860856
939.4606,0.0018003634
939.4606,0.0017768017
939.4606,0.0016254557
939.4606,0.001617383
939.4606,0.0015831957
939.4606,0.0015669918
939.4606,0.0015243495
939.4606,0.0014929717
939.4606,0.0014273906
939.4606,0.0013985082
939.4606,0.0013478426
939.4606,0.00133752
939.4606,0.0012819534
939.4606,0.0012407112
939.4606,0.001226408
939.4606,0.0012108668
939.4606,0.0011276796
939.4606,0.0010828613
939.4606,0.0010800827
939.4606,0.00066631862
939.4606,0.0005190426
939.4606,0.00024483544
939.4606,0.00019250599
939.4606,0.00018014611
939.4606,0.00017358356
939.4606,0.0001595014
939.4606,0.0001486732
939.4606,0.00014010788
939.4606,9.9995724e-05
939.4606,1.849183e-06
939.4606,-0.00025023105
939.4606,-0.00025364443
939.4606,-0.00025995751
939.4606,-0.0003338052
939.4606,-0.00037051412
939.4606,-0.000407011
939.4606,-0.0004903351
939.4606,-0.00051525447
939.4606,-0.0005493314
939.4606,-0.00056273006
939.4606,-0.00071639304
939.4606,-0.00072062681
939.4606,-0.0007609407
939.4606,-0.00076508577
939.4606,-0.00088818325
939.4606,-0.00089939471
939.4606,-0.0011139602
939.4606,-0.0012408556
939.4606,-0.0012592709
939.4606,-0.0013402614
939.4606,-0.0013810285
939.4606,-0.0014763417
939.4606,-0.0014899296
939.4606,-0.0016223193
939.4606,-0.0016252545
939.4606,-0.0017620546
939.4606,-0.0019422813
944.7914,0.0019454583
944.7914,0.0019039184
944.7914,0.0019029524
944.7914,0.0018328576
944.7914,0.0017744655
944.7914,0.0017445964
944.7914,0.0017004271
944.7914,0.0016788444
944.7914,0.001635978
944.7914,0.0015901821
944.7914,0.0014719283
944.7914,0.0012138451
944.7914,0.0011534614
944.7914,0.0005150794
944.7914,-7.5540542e-05
944.7914,-0.00018011588
944.7914,-0.00055650558
944.7914,-0.00072124874
944.7914,-0.00078189095
944.7914,-0.0010878699
944.7914,-0.0016274375
944.7914,-0.0016471327
944.7914,-0.0017093773
944.7914,-0.0017569056
959.8628,0.0004592136
959.8628,9.2623721e-05
965.1928,-0.00018058117
965.1928,-0.0010289088
965.1928,-0.0017601629
1031.4791,0.0019892597
1031.4791,0.0019791583
1031.4791,0.0019786062
1031.4791,0.0019770857
1031.4791,0.0019731741
1031.4791,0.0019319776
1031.4791,0.0019288916
1031.4791,0.001891841
1031.4791,0.0018822567
1031.4791,0.0018537154
1031.4791,0.0017830969
1031.4791,0.0017591239
1031.4791,0.0017560897
1031.4791,0.0017537342
1031.4791,0.0017021266
1031.4791,0.0016854046
1031.4791,0.0016821603
1031.4791,0.0016495742
1031.4791,0.0016457744
1031.4791,0.0016356746
1031.4791,0.0016237589
1031.4791,0.0016137286
1031.4791,0.0015924338
1031.4791,0.0015607893
1031.4791,0.001528245
1031.4791,0.0015185931
1031.4791,0.0015142793
1031.4791,0.0014996233
1031.4791,0.0014995015
1031.4791,0.0014950156
1031.4791,0.0014932794
1031.4791,0.0014509164
1031.4791,0.0014289985
1031.4791,0.0013941479
1031.4791,0.0013826158
1031.4791,0.0013223117
1031.4791,0.0012907499
1031.4791,0.0012500817
1031.4791,0.0012360531
1031.4791,0.0011418718
1031.4791,0.0011292909
1031.4791,0.0011055427
1031.4791,0.0010831084
1031.4791,0.001073066
1031.4791,0.0010535522
1031.4791,0.001039158
1031.4791,0.0010292668
1031.4791,0.0010125422
1031.4791,0.00095425382
1031.4791,0.00094937238
1031.4791,0.00088395297
1031.4791,0.00087403985
1031.4791,0.00084597045
1031.4791,0.00084473364
1031.4791,0.00077459364
1031.4791,0.00076112326
1031.4791,0.00075402521
1031.4791,0.00074829141
1031.4791,0.00058159048
1031.4791,0.00057377152
1031.4791,0.00054183643
1031.4791,0.00043088957
1031.4791,0.00041746254
1031.4791,0.00040990719
1031.4791,0.00035304282
1031.4791,0.00029293202
1031.4791,0.00028226521
1031.4791,0.00024019398
1031.4791,0.00023826311
1031.4791,0.00022221864
1031.4791,0.0001930959
1031.4791,0.00016082462
1031.4791,6.575902e-05
1031.4791,4.376523e-05
1031.4791,8.94497e-06
1031.4791,5.4444099e-06
1031.4791,-5.2882299e-06
1031.4791,-1.668641e-05
1031.4791,-7.30433e-05
1031.4791,-9.607336e-05
1031.4791,-9.713065e-05
1031.4791,-0.00017460905
1031.4791,-0.00026164264
1031.4791,-0.00026694921
1031.4791,-0.00031047157
1031.4791,-0.00031629629
1031.4791,-0.00034888759
1031.4791,-0.00043437595
1031.4791,-0.00044601804
1031.4791,-0.00046534874
1031.4791,-0.0004662232
1031.4791,-0.00047310527
1031.4791,-0.00053631105
1031.4791,-0.00054429895
1031.4791,-0.00059584027
1031.4791,-0.00059893397
1031.4791,-0.00062001956
1031.4791,-0.00062756383
1031.4791,-0.00062970661
1031.4791,-0.00063837748
1031.4791,-0.00066920386
1031.4791,-0.00066981617
1031.4791,-0.00070342073
1031.4791,-0.00072958227
1031.4791,-0.00073578562
1031.4791,-0.00073597429
1031.4791,-0.00074458054
1031.4791,-0.00077443355
1031.4791,-0.00079137696
1031.4791,-0.00081060032
1031.4791,-0.00083817986
1031.4791,-0.00088921622
1031.4791,-0.00091529479
1031.4791,-0.00096358102
1031.4791,-0.00097168451
1031.4791,-0.00098831723
1031.4791,-0.00099571695
1031.4791,-0.0010347421
1031.4791,-0.0010894098
1031.4791,-0.0010933245
1031.4791,-0.0011008465
1031.4791,-0.0011274696
1031.4791,-0.0011352044
1031.4791,-0.0012130396
1031.4791,-0.0012583091
1031.4791,-0.0012995886
1031.4791,-0.00130082
1031.4791,-0.0013395186
1031.4791,-0.0013817969
1031.4791,-0.0014647481
1031.4791,-0.0014805406
1031.4791,-0.0015497914
1031.4791,-0.0015557307
1031.4791,-0.0015763908
1031.4791,-0.0015791047
1031.4791,-0.0015802173
1031.4791,-0.0015869864
1031.4791,-0.0016211248
1031.4791,-0.0016804944
1031.4791,-0.0017849615
1031.4791,-0.0017859043
1031.4791,-0.0017920272
1031.4791,-0.0017924947
1031.4791,-0.0018323145
1031.4791,-0.0018690811
1031.4791,-0.0018704575
1031.4791,-0.0019705299
1031.4791,-0.0019828114
1031.4791,-0.0019867427
1031.9947,0.0019673409
1031.9947,0.0018187171
1031.9947,0.0017660733
1031.9947,0.0017089125
1031.9947,0.001705343
1031.9947,0.0017019596
1031.9947,0.001658967
1031.9947,0.0016111079
1031.9947,0.0014237246
1031.9947,0.0013555475
1031.9947,0.0013378433
1031.9947,0.0012373884
1031.9947,0.001224378
1031.9947,0.0011826093
1031.9947,0.0011204862
1031.9947,0.001091207
1031.9947,0.0010559252
1031.9947,0.00099883665
1031.9947,0.0008977392
1031.9947,0.00086534253
1031.9947,0.00080379234
1031.9947,0.00079317886
1031.9947,0.00032321116
1031.9947,0.00029634378
1031.9947,0.00021128074
1031.9947,0.0001480632
1031.9947,0.00012942945
1031.9947,-0.00013643851
1031.9947,-0.00026028156
1031.9947,-0.00028188431
1031.9947,-0.00039089421
1031.9947,-0.00047688959
1031.9947,-0.0005679461
1031.9947,-0.00060615504
1031.9947,-0.00065273495
1031.9947,-0.00067338779
1031.9947,-0.00095190759
1031.9947,-0.00097627986
1031.9947,-0.0012887315
1031.9947,-0.001437748
1031.9947,-0.0014666718
1031.9947,-0.0015352043
1031.9947,-0.001629788
1031.9947,-0.0017269956
1031.9947,-0.0018013924
1031.9947,-0.0018400727
1031.9947,-0.0019382538
1032.4882,0.0019928603
1032.4882,0.0019897536
1032.4882,0.0019457425
1032.4882,0.001934985
1032.4882,0.00193284
1032.4882,0.0019268584
1032.4882,0.0019249111
1032.4882,0.0019241407
1032.4882,0.0018768575
1032.4882,0.0018702329
1032.4882,0.0018561639
1032.4882,0.0018349364
1032.4882,0.0018311356
1032.4882,0.0018020137
1032.4882,0.0017861303
1032.4882,0.0017539521
1032.4882,0.0017529847
1032.4882,0.0017098215
1032.4882,0.0017002536
1032.4882,0.001694493
1032.4882,0.0016671735
1032.4882,0.0016500543
1032.4882,0.0016443266
1032.4882,0.0016114695
1032.4882,0.0015930274
1032.4882,0.0015804506
1032.4882,0.0015009778
1032.4882,0.0014701817
1032.4882,0.001460054
1032.4882,0.001409323
1032.4882,0.0013962305
1032.4882,0.0013952619
1032.4882,0.0013898836
1032.4882,0.0013279285
1032.4882,0.001295853
1032.4882,0.0012867165
1032.4882,0.0012779944
1032.4882,0.0012657377
1032.4882,0.0012518344
1032.4882,0.0011574469
1032.4882,0.0011263781
1032.4882,0.0011123087
1032.4882,0.0010902974
1032.4882,0.0010370951
1032.4882,0.0010335837
1032.4882,0.0010174947
1032.4882,0.0010154168
1032.4882,0.00099728396
1032.4882,0.00099261488
1032.4882,0.00093359893
1032.4882,0.00092597116
1032.4882,0.00089545535
1032.4882,0.00088759258
1032.4882,0.00087511316
1032.4882,0.00083957829
1032.4882,0.00083082782
1032.4882,0.00082530978
1032.4882,0.00079424845
1032.4882,0.00079361062
1032.4882,0.0007633244
1032.4882,0.00075122209
1032.4882,0.00069844164
1032.4882,0.00067981181
1032.4882,0.00067370111
1032.4882,0.00061832146
1032.4882,0.00061064838
1032.4882,0.00060773779
1032.4882,0.00057146007
1032.4882,0.00055559338
1032.4882,0.00054212617
1032.4882,0.00049913672
1032.4882,0.00047739208
1032.4882,0.00043536603
1032.4882,0.0004036537
1032.4882,0.00038077631
1032.4882,0.00037237469
1032.4882,0.00036440053
1032.4882,0.00035544585
1032.4882,0.00032435341
1032.4882,0.00031615775
1032.4882,0.00028799126
1032.4882,0.0002506909
1032.4882,0.00023842449
1032.4882,0.0002117448
1032.4882,0.00019071857
1032.4882,0.00017898921
1032.4882,0.00014161139
1032.4882,0.00013937458
1032.4882,8.430712e-05
1032.4882,3.932218e-05
1032.4882,3.539425e-05
1032.4882,1.649e-05
1032.4882,-2.117429e-05
1032.4882,-8.128755e-05
1032.4882,-0.00015538504
1032.4882,-0.00022253045
1032.4882,-0.00029467036
1032.4882,-0.00031855912
1032.4882,-0.00033580474
1032.4882,-0.0003489058
1032.4882,-0.00046423003
1032.4882,-0.00047898986
1032.4882,-0.00049981439
1032.4882,-0.00064258157
1032.4882,-0.00065403269
1032.4882,-0.00065457136
1032.4882,-0.0006852058
1032.4882,-0.0007130101
1032.4882,-0.00088355208
1032.4882,-0.00088818963
1032.4882,-0.00096891872
1032.4882,-0.0010069034
1032.4882,-0.0010234592
1032.4882,-0.0010642094
1032.4882,-0.0010849284
1032.4882,-0.0011309349
1032.4882,-0.001156149
1032.4882,-0.0011627065
1032.4882,-0.0011940463
1032.4882,-0.0012060013
1032.4882,-0.0012138488
1032.4882,-0.0012151429
1032.4882,-0.0012532831
1032.4882,-0.0013413589
1032.4882,-0.0013778702
1032.4882,-0.0014335031
1032.4882,-0.0014345485
1032.4882,-0.0014875582
1032.4882,-0.0015481562
1032.4882,-0.0015689114
1032.4882,-0.0016788802
1032.4882,-0.0017421245
1032.4882,-0.0018351553
1032.4882,-0.0019211378
1039.9913,0.0015243284
1039.9913,0.0013612873
1039.9913,0.001257949
1039.9913,0.0011907446
1039.9913,0.00084927844
1039.9913,0.00084400511
1039.9913,0.00075171932
1039.9913,0.00049499347
1039.9913,0.00041333861
1039.9913,0.00028373073
1039.9913,0.00020194261
1039.9913,0.0001756115
1039.9913,-0.00046451129
1039.9913,-0.00065204647
1039.9913,-0.0007394093
1039.9913,-0.00075718007
1039.9913,-0.00079415322
1039.9913,-0.00092715897
1039.9913,-0.00094591884
1039.9913,-0.0011483182
1039.9913,-0.0011663535
1039.9913,-0.0013891918
1392.6883,0.0016592722
1392.6883,0.001538337
1392.6883,0.0013710952
1392.6883,-0.0005696506
1392.6883,-0.001117136
1392.6883,-0.0012160027
1392.6883,-0.001756523
1392.6883,-0.0018481239
