302.8401,1,
Mascot_mz,MassHunter_mz,Difference
302.8401,302.8401,2.818453e-06
,,
303.1841,6,
Mascot_mz,MassHunter_mz,Difference
303.1841,303.184,5.445354e-05
303.1841,303.1841,-7.256806e-06
303.1841,303.1841,-1.152391e-05
303.1841,303.1841,-2.55788e-05
303.1841,303.1841,-4.866325e-05
303.1841,303.1842,-9.718853e-05
,,
443.5662,0,
Mascot_mz,MassHunter_mz,Difference
No match found,,
,,
443.8948,1,
Mascot_mz,MassHunter_mz,Difference
443.8948,443.8948,2.061455e-05
,,
443.9068,0,
Mascot_mz,MassHunter_mz,Difference
No match found,,
,,
445.7583,4,
Mascot_mz,MassHunter_mz,Difference
445.7583,445.7583,1.242475e-05
445.7583,445.7583,-1.986602e-05
445.7583,445.7583,-2.60515e-05
445.7583,445.7584,-7.351295e-05
,,
449.2272,4,
Mascot_mz,MassHunter_mz,Difference
449.2272,449.2271,9.607766e-05
449.2272,449.2272,1.926198e-05
449.2272,449.2272,-2.623756e-05
449.2272,449.2273,-5.161466e-05
,,
453.7556,0,
Mascot_mz,MassHunter_mz,Difference
No match found,,
,,
454.558,0,
Mascot_mz,MassHunter_mz,Difference
No match found,,
,,
501.2607,3,
Mascot_mz,MassHunter_mz,Difference
501.2607,501.2606,6.754981e-05
501.2607,501.2607,-2.433065e-05
501.2607,501.2607,-2.463325e-05
,,
506.5915,0,
Mascot_mz,MassHunter_mz,Difference
No match found,,
,,
592.3154,4,
Mascot_mz,MassHunter_mz,Difference
592.3154,592.3153,8.30338e-05
592.3154,592.3154,-7.504875e-06
592.3154,592.3154,-2.888845e-05
592.3154,592.3155,-7.600625e-05
,,
597.6479,4,
Mascot_mz,MassHunter_mz,Difference
597.6479,597.6478,9.974572e-05
597.6479,597.6478,5.983039e-05
597.6479,597.6479,-2.212542e-05
597.6479,597.6479,-4.73688e-05
,,
602.9771,5,
Mascot_mz,MassHunter_mz,Difference
602.9771,602.977,8.005404e-05
602.9771,602.9771,1.202485e-05
602.9771,602.9771,-3.17174e-07
602.9771,602.9771,-6.195003e-06
602.9771,602.9772,-9.266291e-05
,,
640.3459,0,
Mascot_mz,MassHunter_mz,Difference
No match found,,
,,
657.8271,11,
Mascot_mz,MassHunter_mz,Difference
657.8271,657.827,9.051931e-05
657.8271,657.827,6.328621e-05
657.8271,657.8271,4.275896e-05
657.8271,657.8271,2.303054e-05
657.8271,657.8271,1.590814e-05
657.8271,657.8271,2.025898e-06
657.8271,657.8271,-1.20325e-05
657.8271,657.8272,-5.304621e-05
657.8271,657.8272,-6.421892e-05
657.8271,657.8272,-7.001735e-05
657.8271,657.8272,-7.622816e-05
,,
665.3385,2,
Mascot_mz,MassHunter_mz,Difference
665.3385,665.3384,9.758856e-05
665.3385,665.3386,-6.382983e-05
,,
665.3485,0,
Mascot_mz,MassHunter_mz,Difference
No match found,,
,,
665.3566,0,
Mascot_mz,MassHunter_mz,Difference
No match found,,
,,
665.366,0,
Mascot_mz,MassHunter_mz,Difference
No match found,,
,,
665.3816,0,
Mascot_mz,MassHunter_mz,Difference
No match found,,
,,
673.3357,6,
Mascot_mz,MassHunter_mz,Difference
673.3357,673.3356,7.623549e-05
673.3357,673.3356,5.28858e-05
673.3357,673.3357,4.897413e-05
673.3357,673.3357,2.557726e-05
673.3357,673.3357,-4.989184e-05
673.3357,673.3358,-7.557165e-05
,,
681.3238,12,
Mascot_mz,MassHunter_mz,Difference
681.3238,681.3237,9.326644e-05
681.3238,681.3237,9.064584e-05
681.3238,681.3237,8.552529e-05
681.3238,681.3237,8.442477e-05
681.3238,681.3238,4.140703e-05
681.3238,681.3238,1.093003e-05
681.3238,681.3238,7.702398e-06
681.3238,681.3238,-3.396104e-05
681.3238,681.3239,-5.248989e-05
681.3238,681.3239,-7.720773e-05
681.3238,681.3239,-8.338263e-05
681.3238,681.3239,-9.324001e-05
,,
681.3327,12,
Mascot_mz,MassHunter_mz,Difference
681.3327,681.3326,9.554606e-05
681.3327,681.3326,9.008314e-05
681.3327,681.3326,8.38514e-05
681.3327,681.3326,7.328643e-05
681.3327,681.3326,7.061998e-05
681.3327,681.3327,4.365397e-05
681.3327,681.3327,4.085413e-05
681.3327,681.3327,2.95491e-05
681.3327,681.3327,2.081836e-05
681.3327,681.3327,8.485465e-06
681.3327,681.3327,4.70681e-06
681.3327,681.3328,-9.069682e-05
,,
688.1253,1,
Mascot_mz,MassHunter_mz,Difference
688.1253,688.1253,4.617327e-05
,,
688.3333,6,
Mascot_mz,MassHunter_mz,Difference
688.3333,688.3333,4.723341e-06
688.3333,688.3333,7.73636e-07
688.3333,688.3333,-1.053916e-05
688.3333,688.3333,-4.563017e-05
688.3333,688.3334,-6.866991e-05
688.3333,688.3334,-7.283925e-05
,,
688.6616,12,
Mascot_mz,MassHunter_mz,Difference
688.6616,688.6615,9.453776e-05
688.6616,688.6615,8.759088e-05
688.6616,688.6615,6.839548e-05
688.6616,688.6616,2.643153e-05
688.6616,688.6616,2.013677e-05
688.6616,688.6616,1.232995e-05
688.6616,688.6616,2.631858e-06
688.6616,688.6616,-3.569041e-05
688.6616,688.6617,-5.475025e-05
688.6616,688.6617,-6.228152e-05
688.6616,688.6617,-7.372906e-05
688.6616,688.6617,-7.594676e-05
,,
692.8512,1,
Mascot_mz,MassHunter_mz,Difference
692.8512,692.8512,5.660457e-06
,,
693.6655,2,
Mascot_mz,MassHunter_mz,Difference
693.6655,693.6654,9.186824e-05
693.6655,693.6655,-2.4841e-05
,,
696.8502,7,
Mascot_mz,MassHunter_mz,Difference
696.8502,696.8501,9.776837e-05
696.8502,696.8501,9.296381e-05
696.8502,696.8502,4.454041e-05
696.8502,696.8502,2.244308e-05
696.8502,696.8502,-3.413557e-05
696.8502,696.8503,-7.068674e-05
696.8502,696.8503,-7.625971e-05
,,
720.1493,0,
Mascot_mz,MassHunter_mz,Difference
No match found,,
,,
724.148,0,
Mascot_mz,MassHunter_mz,Difference
No match found,,
,,
849.7681,2,
Mascot_mz,MassHunter_mz,Difference
849.7681,849.7681,-1.543762e-06
849.7681,849.7682,-9.359537e-05
,,
887.4544,19,
Mascot_mz,MassHunter_mz,Difference
887.4544,887.4543,9.562274e-05
887.4544,887.4543,8.194128e-05
887.4544,887.4543,8.144709e-05
887.4544,887.4543,7.556379e-05
887.4544,887.4543,5.765458e-05
887.4544,887.4544,4.405354e-05
887.4544,887.4544,4.14507e-05
887.4544,887.4544,3.603587e-05
887.4544,887.4544,3.543482e-05
887.4544,887.4544,2.508388e-05
887.4544,887.4544,1.407586e-05
887.4544,887.4544,-1.013637e-05
887.4544,887.4544,-1.549421e-05
887.4544,887.4544,-2.606688e-05
887.4544,887.4545,-7.128735e-05
887.4544,887.4545,-7.448892e-05
887.4544,887.4545,-7.759366e-05
887.4544,887.4545,-7.991474e-05
887.4544,887.4545,-9.549604e-05
,,
887.9689,1,
Mascot_mz,MassHunter_mz,Difference
887.9689,887.9689,-3.076289e-05
,,
895.9665,4,
Mascot_mz,MassHunter_mz,Difference
895.9665,895.9664,5.748818e-05
895.9665,895.9665,3.889271e-05
895.9665,895.9665,-1.463957e-06
895.9665,895.9665,-2.460237e-05
,,
903.9606,0,
Mascot_mz,MassHunter_mz,Difference
No match found,,
,,
917.1639,0,
Mascot_mz,MassHunter_mz,Difference
No match found,,
,,
922.4949,0,
Mascot_mz,MassHunter_mz,Difference
No match found,,
,,
923.4644,1,
Mascot_mz,MassHunter_mz,Difference
923.4644,923.4644,-2.858432e-05
,,
928.4634,5,
Mascot_mz,MassHunter_mz,Difference
928.4634,928.4633,7.391451e-05
928.4634,928.4634,1.361483e-05
928.4634,928.4634,-8.288585e-06
928.4634,928.4635,-7.338612e-05
928.4634,928.4635,-7.720541e-05
,,
928.7964,1,
Mascot_mz,MassHunter_mz,Difference
928.7964,928.7964,-1.927788e-06
,,
934.1269,3,
Mascot_mz,MassHunter_mz,Difference
934.1269,934.1268,6.162907e-05
934.1269,934.1269,1.601376e-05
934.1269,934.127,-5.465254e-05
,,
939.4606,2,
Mascot_mz,MassHunter_mz,Difference
939.4606,939.4605,9.999572e-05
939.4606,939.4606,1.849183e-06
,,
944.7914,1,
Mascot_mz,MassHunter_mz,Difference
944.7914,944.7915,-7.554054e-05
,,
959.8628,1,
Mascot_mz,MassHunter_mz,Difference
959.8628,959.8627,9.262372e-05
,,
965.1928,0,
Mascot_mz,MassHunter_mz,Difference
No match found,,
,,
1031.4791,9,
Mascot_mz,MassHunter_mz,Difference
1031.4791,1031.479,6.575902e-05
1031.4791,1031.4791,4.376523e-05
1031.4791,1031.4791,8.94497e-06
1031.4791,1031.4791,5.4444099e-06
1031.4791,1031.4791,-5.2882299e-06
1031.4791,1031.4791,-1.668641e-05
1031.4791,1031.4792,-7.30433e-05
1031.4791,1031.4792,-9.607336e-05
1031.4791,1031.4792,-9.713065e-05
,,
1031.9947,0,
Mascot_mz,MassHunter_mz,Difference
No match found,,
,,
1032.4882,6,
Mascot_mz,MassHunter_mz,Difference
1032.4882,1032.4881,8.430712e-05
1032.4882,1032.4882,3.932218e-05
1032.4882,1032.4882,3.539425e-05
1032.4882,1032.4882,1.649e-05
1032.4882,1032.4882,-2.117429e-05
1032.4882,1032.4883,-8.128755e-05
,,
1039.9913,0,
Mascot_mz,MassHunter_mz,Difference
No match found,,
,,
1208.0885,0,
Mascot_mz,MassHunter_mz,Difference
No match found,,
,,
1375.2418,0,
Mascot_mz,MassHunter_mz,Difference
No match found,,
,,
1384.6908,0,
Mascot_mz,MassHunter_mz,Difference
No match found,,
,,
1392.6883,0,
Mascot_mz,MassHunter_mz,Difference
No match found,,
,,
,
Summarizing Match Data,
Matched Mzs,Count
302.8401,1
303.1841,6
443.8948,1
445.7583,4
449.2272,4
501.2607,3
592.3154,4
597.6479,4
602.9771,5
657.8271,11
665.3385,2
673.3357,6
681.3238,12
681.3327,12
688.1253,1
688.3333,6
688.6616,12
692.8512,1
693.6655,2
696.8502,7
849.7681,2
887.4544,19
887.9689,1
895.9665,4
923.4644,1
928.4634,5
928.7964,1
934.1269,3
939.4606,2
944.7914,1
959.8628,1
1031.4791,9
1032.4882,6
,
No Matched Mzs Found,Count
443.5662,0
443.9068,0
453.7556,0
454.558,0
506.5915,0
640.3459,0
665.3485,0
665.3566,0
665.366,0
665.3816,0
720.1493,0
724.148,0
903.9606,0
917.1639,0
922.4949,0
965.1928,0
1031.9947,0
1039.9913,0
1208.0885,0
1375.2418,0
1384.6908,0
1392.6883,0
