302.8401,12,
Mascot_mz,MassHunter_mz,Difference
302.8401,302.8393,0.0008213856
302.8401,302.8394,0.0007070647
302.8401,302.8394,0.0006638322
302.8401,302.8395,0.0005589454
302.8401,302.8397,0.0004326006
302.8401,302.8398,0.0003251961
302.8401,302.8405,-0.000412446
302.8401,302.8405,-0.0004498333
302.8401,302.8406,-0.0005342487
302.8401,302.8407,-0.0005673447
302.8401,302.8407,-0.0006099713
302.8401,302.8409,-0.000784637
,,
303.1841,32,
Mascot_mz,MassHunter_mz,Difference
303.1841,303.1832,0.000874108
303.1841,303.1833,0.000843593
303.1841,303.1833,0.0008329752
303.1841,303.1833,0.0008203752
303.1841,303.1833,0.0007811955
303.1841,303.1834,0.0006624618
303.1841,303.1835,0.0006143418
303.1841,303.1835,0.0005513813
303.1841,303.1836,0.0005473043
303.1841,303.1836,0.0005278247
303.1841,303.1836,0.0005258301
303.1841,303.1836,0.0005130533
303.1841,303.1836,0.0004930019
303.1841,303.1837,0.000386996
303.1841,303.1838,0.0003283561
303.1841,303.1838,0.0003077541
303.1841,303.1839,0.0002318419
303.1841,303.1839,0.0001523943
303.1841,303.1843,-0.0001630908
303.1841,303.1843,-0.0001762856
303.1841,303.1843,-0.0001853267
303.1841,303.1845,-0.0004398445
303.1841,303.1846,-0.0004510517
303.1841,303.1846,-0.0004625921
303.1841,303.1846,-0.0005082523
303.1841,303.1847,-0.0005521143
303.1841,303.1847,-0.0005636007
303.1841,303.1847,-0.0006132105
303.1841,303.1848,-0.0007222164
303.1841,303.1849,-0.0007626607
303.1841,303.1849,-0.0008486091
303.1841,303.185,-0.0008960634
,,
443.5662,0,
Mascot_mz,MassHunter_mz,Difference
No mismatch found,,
,,
443.8948,21,
Mascot_mz,MassHunter_mz,Difference
443.8948,443.8943,0.0005088882
443.8948,443.8945,0.0003297205
443.8948,443.8945,0.0003274112
443.8948,443.8949,-0.0001098658
443.8948,443.8949,-0.0001233783
443.8948,443.895,-0.0002030081
443.8948,443.8951,-0.0002926772
443.8948,443.8952,-0.0004117582
443.8948,443.8953,-0.0005233586
443.8948,443.8953,-0.0005401075
443.8948,443.8954,-0.0005806044
443.8948,443.8954,-0.0005890312
443.8948,443.8954,-0.0006231824
443.8948,443.8954,-0.0006329117
443.8948,443.8955,-0.0007052891
443.8948,443.8956,-0.0007724155
443.8948,443.8956,-0.0007806919
443.8948,443.8956,-0.0007817839
443.8948,443.8956,-0.0007958347
443.8948,443.8956,-0.0008432223
443.8948,443.8957,-0.0008626927
,,
443.9068,0,
Mascot_mz,MassHunter_mz,Difference
No mismatch found,,
,,
445.7583,13,
Mascot_mz,MassHunter_mz,Difference
445.7583,445.7574,0.0008678614
445.7583,445.7575,0.0008189223
445.7583,445.7575,0.0008182683
445.7583,445.7575,0.0008000563
445.7583,445.7577,0.0006263604
445.7583,445.7577,0.0005737355
445.7583,445.758,0.0002542146
445.7583,445.7582,0.0001345609
445.7583,445.7584,-0.0001370885
445.7583,445.7587,-0.0003638768
445.7583,445.7587,-0.0004198043
445.7583,445.7588,-0.0005348097
445.7583,445.7592,-0.0008540359
,,
449.2272,58,
Mascot_mz,MassHunter_mz,Difference
449.2272,449.2263,0.0008891211
449.2272,449.2263,0.0008707473
449.2272,449.2263,0.0008629254
449.2272,449.2264,0.0008439382
449.2272,449.2264,0.0008413285
449.2272,449.2264,0.0008159753
449.2272,449.2264,0.0007923506
449.2272,449.2264,0.0007900049
449.2272,449.2264,0.000750453
449.2272,449.2265,0.0007257837
449.2272,449.2265,0.0006880353
449.2272,449.2266,0.0006468885
449.2272,449.2266,0.0006183149
449.2272,449.2266,0.0005884631
449.2272,449.2266,0.0005883213
449.2272,449.2266,0.00056402
449.2272,449.2266,0.0005579715
449.2272,449.2267,0.0005152719
449.2272,449.2267,0.0005058326
449.2272,449.2268,0.0003890228
449.2272,449.2268,0.0003887796
449.2272,449.2268,0.000363739
449.2272,449.2269,0.0003446513
449.2272,449.2269,0.0003340653
449.2272,449.2269,0.0002939399
449.2272,449.2269,0.0002809025
449.2272,449.2269,0.0002656153
449.2272,449.227,0.0002267295
449.2272,449.227,0.0001965579
449.2272,449.227,0.0001544741
449.2272,449.227,0.0001516491
449.2272,449.227,0.0001503288
449.2272,449.2271,0.0001404652
449.2272,449.2271,0.0001126505
449.2272,449.2271,0.0001114576
449.2272,449.2273,-0.0001140455
449.2272,449.2274,-0.0001615842
449.2272,449.2274,-0.0001657582
449.2272,449.2274,-0.0001786484
449.2272,449.2274,-0.000186167
449.2272,449.2275,-0.0002849602
449.2272,449.2275,-0.0003026787
449.2272,449.2276,-0.0003558225
449.2272,449.2276,-0.0003773662
449.2272,449.2276,-0.0003860719
449.2272,449.2276,-0.0004442615
449.2272,449.2277,-0.0004547744
449.2272,449.2277,-0.0004978779
449.2272,449.2277,-0.0005498913
449.2272,449.2278,-0.0005678749
449.2272,449.2278,-0.0006121547
449.2272,449.2278,-0.0006136528
449.2272,449.2279,-0.0006514157
449.2272,449.2279,-0.0006841702
449.2272,449.2279,-0.000710953
449.2272,449.228,-0.0008037471
449.2272,449.2281,-0.0008585775
449.2272,449.2281,-0.0008698844
,,
453.7556,13,
Mascot_mz,MassHunter_mz,Difference
453.7556,453.7548,0.0007619137
453.7556,453.7549,0.0006694984
453.7556,453.7554,0.0002320505
453.7556,453.7555,0.0001380637
453.7556,453.7559,-0.0002558878
453.7556,453.756,-0.000353896
453.7556,453.756,-0.0003641694
453.7556,453.756,-0.0003739913
453.7556,453.756,-0.0003829144
453.7556,453.7563,-0.0006924396
453.7556,453.7565,-0.0008642761
453.7556,453.7565,-0.0008797914
453.7556,453.7565,-0.0008839336
,,
454.558,9,
Mascot_mz,MassHunter_mz,Difference
454.558,454.5571,0.0008838682
454.558,454.5573,0.0006640075
454.558,454.5575,0.0005051546
454.558,454.5575,0.0004595785
454.558,454.5577,0.0003145643
454.558,454.5578,0.0002322065
454.558,454.5581,-0.0001375671
454.558,454.5582,-0.0002238189
454.558,454.5588,-0.0007715153
,,
501.2607,37,
Mascot_mz,MassHunter_mz,Difference
501.2607,501.2599,0.0008233553
501.2607,501.2599,0.00080007
501.2607,501.2599,0.0007555322
501.2607,501.26,0.0006737298
501.2607,501.26,0.0006667504
501.2607,501.26,0.0006570864
501.2607,501.2601,0.0005951416
501.2607,501.2602,0.0005346206
501.2607,501.2602,0.0005104723
501.2607,501.2602,0.000505404
501.2607,501.2602,0.0005014311
501.2607,501.2602,0.0004845672
501.2607,501.2603,0.0004309014
501.2607,501.2604,0.0003324154
501.2607,501.2604,0.0003281384
501.2607,501.2604,0.000320558
501.2607,501.2604,0.000281651
501.2607,501.2604,0.0002591224
501.2607,501.2605,0.0002434196
501.2607,501.2608,-0.0001404641
501.2607,501.2609,-0.0001611276
501.2607,501.2609,-0.0002496815
501.2607,501.2611,-0.0004276311
501.2607,501.2611,-0.0004319113
501.2607,501.2612,-0.0004833832
501.2607,501.2612,-0.0005041733
501.2607,501.2612,-0.0005436509
501.2607,501.2612,-0.0005496021
501.2607,501.2613,-0.0005642546
501.2607,501.2613,-0.0006129916
501.2607,501.2614,-0.0006582274
501.2607,501.2614,-0.0006709307
501.2607,501.2614,-0.0006929797
501.2607,501.2614,-0.0007278549
501.2607,501.2615,-0.0007533945
501.2607,501.2615,-0.0008230822
501.2607,501.2616,-0.0008518236
,,
506.5915,0,
Mascot_mz,MassHunter_mz,Difference
No mismatch found,,
,,
592.3154,34,
Mascot_mz,MassHunter_mz,Difference
592.3154,592.3146,0.0008447869
592.3154,592.3146,0.000796398
592.3154,592.3146,0.0007884677
592.3154,592.3146,0.0007872634
592.3154,592.3146,0.0007634234
592.3154,592.3147,0.0007342059
592.3154,592.3147,0.0006811111
592.3154,592.3148,0.000593536
592.3154,592.3148,0.0005531982
592.3154,592.3149,0.0005225647
592.3154,592.3149,0.0005110362
592.3154,592.3149,0.0004926899
592.3154,592.315,0.0003968487
592.3154,592.3152,0.0002456116
592.3154,592.3152,0.0002186298
592.3154,592.3152,0.0001905101
592.3154,592.3153,0.0001338049
592.3154,592.3153,0.0001199003
592.3154,592.3155,-0.0001486576
592.3154,592.3156,-0.0001779703
592.3154,592.3156,-0.0002019764
592.3154,592.3156,-0.0002300853
592.3154,592.3157,-0.0002833053
592.3154,592.3157,-0.0003326281
592.3154,592.3157,-0.0003449181
592.3154,592.3158,-0.0003995595
592.3154,592.3158,-0.0004280411
592.3154,592.3159,-0.0005151692
592.3154,592.3159,-0.0005384117
592.3154,592.316,-0.0005525363
592.3154,592.3161,-0.0007156759
592.3154,592.3161,-0.0007199051
592.3154,592.3161,-0.0007405334
592.3154,592.3163,-0.0008552547
,,
597.6479,20,
Mascot_mz,MassHunter_mz,Difference
597.6479,597.647,0.0008693589
597.6479,597.647,0.0008661011
597.6479,597.6471,0.0007692059
597.6479,597.6474,0.000539302
597.6479,597.6475,0.0004237291
597.6479,597.6475,0.0003628508
597.6479,597.6476,0.0003325423
597.6479,597.6476,0.0003058591
597.6479,597.6476,0.0002627876
597.6479,597.6477,0.0001945279
597.6479,597.648,-0.000129387
597.6479,597.6481,-0.000155993
597.6479,597.6481,-0.000214605
597.6479,597.6481,-0.0002460282
597.6479,597.6484,-0.0005463553
597.6479,597.6486,-0.0006795825
597.6479,597.6487,-0.0007892517
597.6479,597.6487,-0.0007997348
597.6479,597.6487,-0.0008286178
597.6479,597.6488,-0.0008824695
,,
602.9771,47,
Mascot_mz,MassHunter_mz,Difference
602.9771,602.9762,0.0008539553
602.9771,602.9763,0.000816217
602.9771,602.9763,0.0007964325
602.9771,602.9763,0.0007746341
602.9771,602.9763,0.0007656407
602.9771,602.9764,0.0007485895
602.9771,602.9764,0.0006947474
602.9771,602.9764,0.0006946983
602.9771,602.9764,0.0006851845
602.9771,602.9765,0.0005911042
602.9771,602.9765,0.000590568
602.9771,602.9765,0.000578303
602.9771,602.9766,0.000520182
602.9771,602.9766,0.000516137
602.9771,602.9767,0.0004360062
602.9771,602.9767,0.0004152819
602.9771,602.9767,0.0003600229
602.9771,602.9768,0.0002904492
602.9771,602.9768,0.0002713511
602.9771,602.9769,0.0002168462
602.9771,602.9769,0.0002006834
602.9771,602.9769,0.0001992736
602.9771,602.9769,0.000172778
602.9771,602.977,0.0001013256
602.9771,602.9772,-0.000135913
602.9771,602.9772,-0.0001394371
602.9771,602.9774,-0.0002557536
602.9771,602.9774,-0.0002576626
602.9771,602.9774,-0.0002629912
602.9771,602.9774,-0.0002974471
602.9771,602.9774,-0.0002986446
602.9771,602.9774,-0.0003471397
602.9771,602.9775,-0.0003504484
602.9771,602.9775,-0.0003601334
602.9771,602.9775,-0.0004390083
602.9771,602.9776,-0.0004584675
602.9771,602.9776,-0.0004712681
602.9771,602.9776,-0.0004777141
602.9771,602.9777,-0.0005533092
602.9771,602.9777,-0.000571733
602.9771,602.9777,-0.0006457877
602.9771,602.9778,-0.000654527
602.9771,602.9778,-0.0006983108
602.9771,602.9778,-0.0007297849
602.9771,602.9779,-0.0007640801
602.9771,602.9779,-0.0008015537
602.9771,602.9779,-0.0008428511
,,
640.3459,0,
Mascot_mz,MassHunter_mz,Difference
No mismatch found,,
,,
657.8271,82,
Mascot_mz,MassHunter_mz,Difference
657.8271,657.8263,0.0008384219
657.8271,657.8263,0.0008272906
657.8271,657.8263,0.0008127591
657.8271,657.8263,0.0008007206
657.8271,657.8263,0.0007895238
657.8271,657.8264,0.0007029531
657.8271,657.8264,0.0006930126
657.8271,657.8264,0.0006831365
657.8271,657.8264,0.0006542177
657.8271,657.8265,0.0006434977
657.8271,657.8265,0.0006366402
657.8271,657.8266,0.0005423287
657.8271,657.8266,0.0005317135
657.8271,657.8266,0.0005265966
657.8271,657.8266,0.0005070702
657.8271,657.8266,0.0004979719
657.8271,657.8266,0.0004913873
657.8271,657.8266,0.0004831657
657.8271,657.8266,0.0004664686
657.8271,657.8267,0.0003772191
657.8271,657.8268,0.0003446833
657.8271,657.8268,0.000293866
657.8271,657.8268,0.0002804995
657.8271,657.8268,0.0002788487
657.8271,657.8268,0.0002744945
657.8271,657.8268,0.0002734127
657.8271,657.8269,0.0002441539
657.8271,657.8269,0.0002257655
657.8271,657.8269,0.0002193445
657.8271,657.8269,0.0001950928
657.8271,657.8269,0.0001520135
657.8271,657.827,0.000118877
657.8271,657.827,0.0001042359
657.8271,657.8272,-0.0001198656
657.8271,657.8272,-0.0001303988
657.8271,657.8272,-0.0001341906
657.8271,657.8272,-0.0001366432
657.8271,657.8272,-0.000143955
657.8271,657.8273,-0.0001990964
657.8271,657.8273,-0.00021736
657.8271,657.8273,-0.0002327672
657.8271,657.8274,-0.0002797859
657.8271,657.8274,-0.0002892318
657.8271,657.8274,-0.000313952
657.8271,657.8274,-0.0003197195
657.8271,657.8274,-0.0003286982
657.8271,657.8274,-0.0003374886
657.8271,657.8275,-0.0003581035
657.8271,657.8275,-0.000379758
657.8271,657.8275,-0.0003852285
657.8271,657.8275,-0.0003857711
657.8271,657.8275,-0.0004030767
657.8271,657.8275,-0.0004425352
657.8271,657.8276,-0.0004561786
657.8271,657.8276,-0.000458645
657.8271,657.8276,-0.0004614808
657.8271,657.8276,-0.0004673821
657.8271,657.8276,-0.000516482
657.8271,657.8276,-0.0005418233
657.8271,657.8276,-0.0005425231
657.8271,657.8277,-0.0005976092
657.8271,657.8277,-0.0005989536
657.8271,657.8277,-0.0006486145
657.8271,657.8277,-0.0006497749
657.8271,657.8278,-0.0006546102
657.8271,657.8278,-0.0006743702
657.8271,657.8278,-0.0006831725
657.8271,657.8278,-0.0006927452
657.8271,657.8278,-0.0007101264
657.8271,657.8278,-0.000719991
657.8271,657.8278,-0.0007360365
657.8271,657.8278,-0.000737121
657.8271,657.8279,-0.000757825
657.8271,657.8279,-0.0007695695
657.8271,657.8279,-0.0007705615
657.8271,657.8279,-0.0007821106
657.8271,657.8279,-0.0008361341
657.8271,657.8279,-0.0008419763
657.8271,657.828,-0.0008595603
657.8271,657.828,-0.0008645088
657.8271,657.828,-0.0008662585
657.8271,657.828,-0.0008772643
,,
665.3385,20,
Mascot_mz,MassHunter_mz,Difference
665.3385,665.3376,0.000867502
665.3385,665.3378,0.0006921388
665.3385,665.3381,0.0004397053
665.3385,665.3381,0.0004298424
665.3385,665.3382,0.0002526643
665.3385,665.3383,0.0001877358
665.3385,665.3384,0.0001315108
665.3385,665.3386,-0.000109919
665.3385,665.3387,-0.0001592473
665.3385,665.3388,-0.0003448743
665.3385,665.3389,-0.0003882818
665.3385,665.3389,-0.0003910469
665.3385,665.3391,-0.0005675147
665.3385,665.3391,-0.0005988295
665.3385,665.3391,-0.0006417526
665.3385,665.3392,-0.0007173557
665.3385,665.3392,-0.000746803
665.3385,665.3393,-0.0007591053
665.3385,665.3393,-0.0008128112
665.3385,665.3394,-0.0008680484
,,
665.3485,4,
Mascot_mz,MassHunter_mz,Difference
665.3485,665.3476,0.0008771306
665.3485,665.3479,0.0005526273
665.3485,665.3483,0.0001542578
665.3485,665.3486,-0.0001199102
,,
665.3566,1,
Mascot_mz,MassHunter_mz,Difference
665.3566,665.3561,0.000510095
,,
665.366,1,
Mascot_mz,MassHunter_mz,Difference
665.366,665.3669,-0.0008608983
,,
665.3816,1,
Mascot_mz,MassHunter_mz,Difference
665.3816,665.3814,0.000175006
,,
673.3357,51,
Mascot_mz,MassHunter_mz,Difference
673.3357,673.3348,0.0008693882
673.3357,673.3348,0.0008628334
673.3357,673.3349,0.0008308478
673.3357,673.3349,0.0007944616
673.3357,673.3349,0.0007732701
673.3357,673.3349,0.0007633572
673.3357,673.335,0.0007014871
673.3357,673.335,0.0006637663
673.3357,673.335,0.0006570793
673.3357,673.335,0.0006516334
673.3357,673.335,0.0006513205
673.3357,673.3351,0.0006480295
673.3357,673.3351,0.0005794025
673.3357,673.3352,0.0005399345
673.3357,673.3352,0.0005363491
673.3357,673.3352,0.0004701124
673.3357,673.3352,0.0004663655
673.3357,673.3353,0.0004347833
673.3357,673.3353,0.0004305743
673.3357,673.3353,0.000414333
673.3357,673.3353,0.0003845142
673.3357,673.3353,0.0003845071
673.3357,673.3353,0.0003706273
673.3357,673.3353,0.000353814
673.3357,673.3354,0.0003115576
673.3357,673.3355,0.0002443691
673.3357,673.3355,0.0002312679
673.3357,673.3355,0.0001799809
673.3357,673.3355,0.0001790104
673.3357,673.3355,0.0001691707
673.3357,673.3356,0.0001162134
673.3357,673.3358,-0.0001448713
673.3357,673.3359,-0.0001619637
673.3357,673.3359,-0.0001619876
673.3357,673.3359,-0.0001868871
673.3357,673.3359,-0.0001873503
673.3357,673.3359,-0.0002039752
673.3357,673.3359,-0.0002096871
673.3357,673.3361,-0.0003605569
673.3357,673.3361,-0.000389812
673.3357,673.3361,-0.0003924038
673.3357,673.3362,-0.0004550588
673.3357,673.3362,-0.0004657563
673.3357,673.3363,-0.0006112197
673.3357,673.3363,-0.0006151362
673.3357,673.3363,-0.0006297282
673.3357,673.3364,-0.0006917888
673.3357,673.3364,-0.0007417415
673.3357,673.3365,-0.0007513745
673.3357,673.3365,-0.0007630756
673.3357,673.3365,-0.0007736932
,,
681.3238,162,
Mascot_mz,MassHunter_mz,Difference
681.3238,681.323,0.0008482025
681.3238,681.323,0.0008331218
681.3238,681.323,0.0008117547
681.3238,681.323,0.0007842738
681.3238,681.323,0.0007727913
681.3238,681.3231,0.000749951
681.3238,681.3231,0.0007357365
681.3238,681.3231,0.0007272713
681.3238,681.3231,0.0007067327
681.3238,681.3231,0.0006883786
681.3238,681.3231,0.0006880272
681.3238,681.3231,0.0006857571
681.3238,681.3232,0.0005968333
681.3238,681.3232,0.0005861239
681.3238,681.3232,0.00057594
681.3238,681.3232,0.0005731208
681.3238,681.3232,0.0005655443
681.3238,681.3233,0.0005447916
681.3238,681.3233,0.0004622072
681.3238,681.3233,0.0004570364
681.3238,681.3234,0.0004298788
681.3238,681.3234,0.0004192773
681.3238,681.3234,0.0003728912
681.3238,681.3234,0.0003682764
681.3238,681.3235,0.0003241851
681.3238,681.3235,0.0003238378
681.3238,681.3235,0.0003183197
681.3238,681.3235,0.0002913225
681.3238,681.3235,0.0002727008
681.3238,681.3235,0.0002620918
681.3238,681.3235,0.0002506904
681.3238,681.3236,0.0002378295
681.3238,681.3236,0.0002121958
681.3238,681.3236,0.0001613572
681.3238,681.3237,0.0001117019
681.3238,681.3239,-0.0001159668
681.3238,681.3239,-0.000131193
681.3238,681.3239,-0.0001345942
681.3238,681.3239,-0.0001399849
681.3238,681.3239,-0.0001457316
681.3238,681.324,-0.0001539048
681.3238,681.324,-0.0001647848
681.3238,681.324,-0.0001896211
681.3238,681.324,-0.0002299081
681.3238,681.324,-0.000230743
681.3238,681.3241,-0.0002636445
681.3238,681.3241,-0.0002711947
681.3238,681.3241,-0.0002789986
681.3238,681.3241,-0.00029191
681.3238,681.3241,-0.0003168416
681.3238,681.3241,-0.0003193385
681.3238,681.3241,-0.0003268404
681.3238,681.3241,-0.000329445
681.3238,681.3241,-0.0003380505
681.3238,681.3241,-0.0003443429
681.3238,681.3242,-0.0003554394
681.3238,681.3242,-0.0003598742
681.3238,681.3242,-0.0003939378
681.3238,681.3242,-0.0003971845
681.3238,681.3242,-0.0003988628
681.3238,681.3242,-0.0003989054
681.3238,681.3242,-0.0004014814
681.3238,681.3242,-0.0004080996
681.3238,681.3242,-0.0004093332
681.3238,681.3242,-0.0004149754
681.3238,681.3242,-0.000428913
681.3238,681.3242,-0.000441148
681.3238,681.3242,-0.0004464327
681.3238,681.3243,-0.0004537806
681.3238,681.3243,-0.0004564602
681.3238,681.3243,-0.0004566485
681.3238,681.3243,-0.0004645955
681.3238,681.3243,-0.0005099364
681.3238,681.3243,-0.0005174972
681.3238,681.3243,-0.0005325689
681.3238,681.3243,-0.0005369123
681.3238,681.3243,-0.0005401793
681.3238,681.3243,-0.0005497061
681.3238,681.3244,-0.0005508134
681.3238,681.3244,-0.0005574707
681.3238,681.3244,-0.0005797949
681.3238,681.3244,-0.0005915281
681.3238,681.3244,-0.0005937759
681.3238,681.3244,-0.0005947824
681.3238,681.3244,-0.0005965383
681.3238,681.3244,-0.0006132916
681.3238,681.3244,-0.000613553
681.3238,681.3244,-0.000617064
681.3238,681.3244,-0.0006332851
681.3238,681.3244,-0.0006409758
681.3238,681.3244,-0.0006430006
681.3238,681.3244,-0.0006456285
681.3238,681.3245,-0.0006521254
681.3238,681.3245,-0.0006566071
681.3238,681.3245,-0.0006612385
681.3238,681.3245,-0.0006624318
681.3238,681.3245,-0.0006713639
681.3238,681.3245,-0.0006745122
681.3238,681.3245,-0.000691224
681.3238,681.3245,-0.0006940165
681.3238,681.3245,-0.0006963339
681.3238,681.3245,-0.0007034584
681.3238,681.3245,-0.0007040789
681.3238,681.3245,-0.0007063128
681.3238,681.3245,-0.0007070869
681.3238,681.3245,-0.0007122644
681.3238,681.3245,-0.0007126207
681.3238,681.3245,-0.0007194544
681.3238,681.3245,-0.0007251446
681.3238,681.3245,-0.0007300685
681.3238,681.3245,-0.0007421155
681.3238,681.3245,-0.0007424287
681.3238,681.3245,-0.0007442159
681.3238,681.3246,-0.0007517788
681.3238,681.3246,-0.0007522394
681.3238,681.3246,-0.0007574051
681.3238,681.3246,-0.0007604235
681.3238,681.3246,-0.0007628453
681.3238,681.3246,-0.0007629855
681.3238,681.3246,-0.00076623
681.3238,681.3246,-0.0007673247
681.3238,681.3246,-0.0007683325
681.3238,681.3246,-0.0007685708
681.3238,681.3246,-0.0007734653
681.3238,681.3246,-0.000780376
681.3238,681.3246,-0.0007822782
681.3238,681.3246,-0.0007873581
681.3238,681.3246,-0.0007935211
681.3238,681.3246,-0.0007966901
681.3238,681.3246,-0.0007973148
681.3238,681.3246,-0.0007982337
681.3238,681.3246,-0.0007987119
681.3238,681.3246,-0.0008013789
681.3238,681.3246,-0.0008041007
681.3238,681.3246,-0.0008067112
681.3238,681.3246,-0.000807707
681.3238,681.3246,-0.0008118351
681.3238,681.3246,-0.0008134881
681.3238,681.3246,-0.0008156909
681.3238,681.3246,-0.0008181825
681.3238,681.3246,-0.0008250967
681.3238,681.3246,-0.0008332678
681.3238,681.3246,-0.0008369437
681.3238,681.3246,-0.0008373948
681.3238,681.3246,-0.0008431429
681.3238,681.3246,-0.0008445222
681.3238,681.3246,-0.0008456201
681.3238,681.3246,-0.0008456313
681.3238,681.3247,-0.0008529164
681.3238,681.3247,-0.0008573534
681.3238,681.3247,-0.0008585691
681.3238,681.3247,-0.0008598108
681.3238,681.3247,-0.0008612712
681.3238,681.3247,-0.0008615695
681.3238,681.3247,-0.0008619765
681.3238,681.3247,-0.0008749185
681.3238,681.3247,-0.000880311
681.3238,681.3247,-0.0008837332
681.3238,681.3247,-0.0008891362
681.3238,681.3247,-0.0008973464
681.3238,681.3247,-0.0008984989
681.3238,681.3247,-0.0008991249
,,
681.3327,67,
Mascot_mz,MassHunter_mz,Difference
681.3327,681.3318,0.0008993639
681.3327,681.3318,0.0008799096
681.3327,681.3319,0.0008454285
681.3327,681.3319,0.0008113303
681.3327,681.3319,0.000807302
681.3327,681.3319,0.0007947608
681.3327,681.3319,0.0007922783
681.3327,681.3319,0.0007799674
681.3327,681.3319,0.0007707038
681.3327,681.332,0.0007303375
681.3327,681.332,0.0007062291
681.3327,681.332,0.0006568423
681.3327,681.332,0.000656444
681.3327,681.332,0.0006533051
681.3327,681.3321,0.0006452845
681.3327,681.3321,0.0005971772
681.3327,681.3321,0.0005576169
681.3327,681.3321,0.0005513909
681.3327,681.3322,0.0005288974
681.3327,681.3322,0.000514824
681.3327,681.3322,0.0004952993
681.3327,681.3322,0.0004879392
681.3327,681.3323,0.0004479912
681.3327,681.3323,0.0004326919
681.3327,681.3323,0.0004284696
681.3327,681.3323,0.0003690589
681.3327,681.3324,0.0003175125
681.3327,681.3324,0.0003072699
681.3327,681.3324,0.0003014211
681.3327,681.3324,0.0002575885
681.3327,681.3325,0.0001959917
681.3327,681.3325,0.0001905629
681.3327,681.3325,0.0001547073
681.3327,681.3326,0.0001140098
681.3327,681.3326,0.0001065714
681.3327,681.3328,-0.0001040532
681.3327,681.3328,-0.0001413037
681.3327,681.3329,-0.0001518682
681.3327,681.3329,-0.0001862851
681.3327,681.3329,-0.0001871262
681.3327,681.3329,-0.0001950637
681.3327,681.3329,-0.0002088106
681.3327,681.3329,-0.0002198657
681.3327,681.3329,-0.0002270138
681.3327,681.333,-0.0002546194
681.3327,681.333,-0.0002819854
681.3327,681.333,-0.0002966945
681.3327,681.333,-0.0002976763
681.3327,681.333,-0.0003214766
681.3327,681.3331,-0.0003916877
681.3327,681.3331,-0.0003963589
681.3327,681.3331,-0.0004177241
681.3327,681.3332,-0.0004579418
681.3327,681.3332,-0.0004739698
681.3327,681.3332,-0.0005164261
681.3327,681.3333,-0.0006424451
681.3327,681.3334,-0.0006633588
681.3327,681.3334,-0.0006877145
681.3327,681.3334,-0.0007011382
681.3327,681.3334,-0.0007229014
681.3327,681.3334,-0.0007492795
681.3327,681.3335,-0.0007568985
681.3327,681.3335,-0.0007791319
681.3327,681.3335,-0.0007823536
681.3327,681.3335,-0.0008041668
681.3327,681.3335,-0.0008283713
681.3327,681.3336,-0.0008729417
,,
688.1253,5,
Mascot_mz,MassHunter_mz,Difference
688.1253,688.1244,0.0008552936
688.1253,688.1246,0.0006884135
688.1253,688.1251,0.0002383997
688.1253,688.1251,0.0001777641
688.1253,688.1259,-0.0006402751
,,
688.3333,22,
Mascot_mz,MassHunter_mz,Difference
688.3333,688.3324,0.0008894008
688.3333,688.3326,0.0007352804
688.3333,688.3326,0.0007254942
688.3333,688.3327,0.0006319171
688.3333,688.3328,0.0005051126
688.3333,688.3328,0.0004947443
688.3333,688.3329,0.0004087631
688.3333,688.3335,-0.0001935009
688.3333,688.3335,-0.0002106317
688.3333,688.3336,-0.0003257729
688.3333,688.3336,-0.0003343701
688.3333,688.3336,-0.000339428
688.3333,688.3337,-0.0003956534
688.3333,688.3338,-0.000522535
688.3333,688.3338,-0.0005306058
688.3333,688.3339,-0.0005641174
688.3333,688.3339,-0.000634511
688.3333,688.3339,-0.000642164
688.3333,688.334,-0.0007111041
688.3333,688.334,-0.0007235034
688.3333,688.3341,-0.0008355521
688.3333,688.3342,-0.0008765186
,,
688.6616,86,
Mascot_mz,MassHunter_mz,Difference
688.6616,688.6607,0.0008856582
688.6616,688.6608,0.0008459563
688.6616,688.6608,0.0008192
688.6616,688.6608,0.0008186952
688.6616,688.6608,0.0007956869
688.6616,688.6608,0.0007928322
688.6616,688.6608,0.0007860467
688.6616,688.6609,0.0007121321
688.6616,688.661,0.0006352467
688.6616,688.661,0.0006292857
688.6616,688.661,0.0006229616
688.6616,688.661,0.0006167094
688.6616,688.661,0.0006069094
688.6616,688.661,0.0006032492
688.6616,688.661,0.0005941099
688.6616,688.661,0.0005824743
688.6616,688.661,0.0005523645
688.6616,688.661,0.0005513476
688.6616,688.6611,0.000547762
688.6616,688.6611,0.000541906
688.6616,688.6611,0.0005301466
688.6616,688.6611,0.0005065207
688.6616,688.6611,0.0004909387
688.6616,688.6611,0.0004825936
688.6616,688.6612,0.0004277307
688.6616,688.6612,0.0004233994
688.6616,688.6612,0.0004207373
688.6616,688.6612,0.0003806085
688.6616,688.6613,0.0003228257
688.6616,688.6613,0.0003158948
688.6616,688.6613,0.0002886459
688.6616,688.6613,0.0002885274
688.6616,688.6614,0.0001992898
688.6616,688.6614,0.0001817113
688.6616,688.6615,0.0001493398
688.6616,688.6615,0.0001427315
688.6616,688.6615,0.0001273399
688.6616,688.6615,0.000124929
688.6616,688.6615,0.0001130338
688.6616,688.6615,0.0001034949
688.6616,688.6615,0.0001024088
688.6616,688.6617,-0.0001109368
688.6616,688.6617,-0.0001383214
688.6616,688.6617,-0.0001486158
688.6616,688.6618,-0.0001659711
688.6616,688.6618,-0.000186499
688.6616,688.6618,-0.0002036629
688.6616,688.6618,-0.000211524
688.6616,688.6618,-0.0002278951
688.6616,688.6618,-0.0002292032
688.6616,688.6618,-0.0002368487
688.6616,688.6619,-0.0002546604
688.6616,688.6619,-0.000262013
688.6616,688.6619,-0.0002634296
688.6616,688.6619,-0.0002667634
688.6616,688.6619,-0.0002764603
688.6616,688.6619,-0.0002902158
688.6616,688.6619,-0.0003212293
688.6616,688.662,-0.000408691
688.6616,688.662,-0.0004235288
688.6616,688.662,-0.0004362601
688.6616,688.6621,-0.0004521688
688.6616,688.6621,-0.0004700789
688.6616,688.6621,-0.0004760191
688.6616,688.6621,-0.0004845993
688.6616,688.6621,-0.0005432942
688.6616,688.6622,-0.0005674951
688.6616,688.6623,-0.0006842201
688.6616,688.6623,-0.0006878922
688.6616,688.6623,-0.0006948247
688.6616,688.6623,-0.0006987664
688.6616,688.6623,-0.000704316
688.6616,688.6623,-0.0007068762
688.6616,688.6623,-0.0007094515
688.6616,688.6623,-0.0007443764
688.6616,688.6624,-0.0007566022
688.6616,688.6624,-0.0007868824
688.6616,688.6624,-0.0007908687
688.6616,688.6624,-0.0008011199
688.6616,688.6624,-0.0008135259
688.6616,688.6624,-0.0008237659
688.6616,688.6624,-0.0008386231
688.6616,688.6624,-0.0008497836
688.6616,688.6625,-0.0008507728
688.6616,688.6625,-0.0008508305
688.6616,688.6625,-0.0008922089
,,
692.8512,12,
Mascot_mz,MassHunter_mz,Difference
692.8512,692.8503,0.000874828
692.8512,692.8504,0.000770267
692.8512,692.8505,0.0007354874
692.8512,692.8506,0.0006325352
692.8512,692.8506,0.0006082315
692.8512,692.851,0.000236138
692.8512,692.851,0.0002202844
692.8512,692.8519,-0.0006570893
692.8512,692.8519,-0.0007379773
692.8512,692.8519,-0.0007444812
692.8512,692.852,-0.0008140235
692.8512,692.8521,-0.0008952654
,,
693.6655,6,
Mascot_mz,MassHunter_mz,Difference
693.6655,693.6647,0.0008493123
693.6655,693.6647,0.0008198315
693.6655,693.6648,0.0006833813
693.6655,693.6653,0.0002314675
693.6655,693.666,-0.0005375227
693.6655,693.6663,-0.0007961095
,,
696.8502,37,
Mascot_mz,MassHunter_mz,Difference
696.8502,696.8494,0.0007710141
696.8502,696.8495,0.0007169556
696.8502,696.8495,0.0007125632
696.8502,696.8495,0.0006802017
696.8502,696.8495,0.0006740763
696.8502,696.8496,0.0005914086
696.8502,696.8497,0.0005206713
696.8502,696.8497,0.0004577519
696.8502,696.8498,0.0004158768
696.8502,696.85,0.000246319
696.8502,696.85,0.0001560023
696.8502,696.8501,0.0001213121
696.8502,696.8503,-0.0001330545
696.8502,696.8504,-0.0001763758
696.8502,696.8504,-0.0002095504
696.8502,696.8504,-0.0002285099
696.8502,696.8504,-0.0002356952
696.8502,696.8504,-0.0002419209
696.8502,696.8505,-0.0002662479
696.8502,696.8505,-0.0002877478
696.8502,696.8505,-0.0002925124
696.8502,696.8505,-0.0003070058
696.8502,696.8506,-0.0003743137
696.8502,696.8506,-0.0003754379
696.8502,696.8506,-0.0003893944
696.8502,696.8506,-0.0004008607
696.8502,696.8506,-0.000415109
696.8502,696.8507,-0.0004915639
696.8502,696.8507,-0.000508559
696.8502,696.8507,-0.0005122418
696.8502,696.8507,-0.0005416421
696.8502,696.8508,-0.0005522469
696.8502,696.8508,-0.0005744984
696.8502,696.8509,-0.0006501753
696.8502,696.8509,-0.0006980549
696.8502,696.8509,-0.0007223839
696.8502,696.851,-0.0008367277
,,
720.1493,2,
Mascot_mz,MassHunter_mz,Difference
720.1493,720.1488,0.000488103
720.1493,720.1501,-0.0007620334
,,
724.148,4,
Mascot_mz,MassHunter_mz,Difference
724.148,724.1472,0.0007589893
724.148,724.1474,0.0005589038
724.148,724.1479,0.0001254502
724.148,724.1487,-0.0007341951
,,
849.7681,6,
Mascot_mz,MassHunter_mz,Difference
849.7681,849.7676,0.0005419247
849.7681,849.7676,0.0004950543
849.7681,849.7679,0.0001943569
849.7681,849.7682,-0.0001493611
849.7681,849.7683,-0.0002071024
849.7681,849.7687,-0.0006243856
,,
887.4544,120,
Mascot_mz,MassHunter_mz,Difference
887.4544,887.4535,0.0008906929
887.4544,887.4535,0.0008841118
887.4544,887.4535,0.0008786779
887.4544,887.4535,0.0008726476
887.4544,887.4535,0.0008673548
887.4544,887.4535,0.0008560919
887.4544,887.4536,0.0008470747
887.4544,887.4536,0.0008311346
887.4544,887.4536,0.0008016933
887.4544,887.4536,0.0008004863
887.4544,887.4536,0.0007979001
887.4544,887.4536,0.000785677
887.4544,887.4536,0.0007775098
887.4544,887.4536,0.0007739839
887.4544,887.4536,0.0007584503
887.4544,887.4536,0.0007536906
887.4544,887.4536,0.0007513713
887.4544,887.4537,0.0007383947
887.4544,887.4537,0.0007213943
887.4544,887.4537,0.0007172938
887.4544,887.4537,0.000699162
887.4544,887.4537,0.000699116
887.4544,887.4537,0.0006899884
887.4544,887.4537,0.0006834927
887.4544,887.4537,0.0006779827
887.4544,887.4537,0.0006749678
887.4544,887.4537,0.000673747
887.4544,887.4537,0.0006725369
887.4544,887.4538,0.0006473535
887.4544,887.4538,0.0006467215
887.4544,887.4538,0.0006426849
887.4544,887.4538,0.0006398123
887.4544,887.4538,0.0006370593
887.4544,887.4538,0.0006334077
887.4544,887.4538,0.0006330097
887.4544,887.4538,0.0006251302
887.4544,887.4538,0.0006169898
887.4544,887.4538,0.0006025786
887.4544,887.4538,0.0005859018
887.4544,887.4538,0.0005807122
887.4544,887.4538,0.0005598556
887.4544,887.4539,0.0005441813
887.4544,887.4539,0.0005410116
887.4544,887.4539,0.0005375239
887.4544,887.4539,0.0005367267
887.4544,887.4539,0.0005354569
887.4544,887.4539,0.0005303969
887.4544,887.4539,0.0005097002
887.4544,887.4539,0.0005018886
887.4544,887.4539,0.0005012156
887.4544,887.4539,0.0004757277
887.4544,887.4539,0.000475365
887.4544,887.4539,0.0004742821
887.4544,887.4539,0.0004640276
887.4544,887.454,0.0004494824
887.4544,887.454,0.0004477947
887.4544,887.454,0.0004377717
887.4544,887.454,0.0004046917
887.4544,887.454,0.0004039061
887.4544,887.454,0.0003892221
887.4544,887.454,0.0003854587
887.4544,887.454,0.0003835345
887.4544,887.454,0.0003828066
887.4544,887.4541,0.0003382625
887.4544,887.4541,0.0002823421
887.4544,887.4541,0.0002667677
887.4544,887.4541,0.0002630666
887.4544,887.4542,0.0002453547
887.4544,887.4542,0.0002445555
887.4544,887.4542,0.0002188768
887.4544,887.4542,0.00021547
887.4544,887.4542,0.000212374
887.4544,887.4542,0.0001995413
887.4544,887.4542,0.0001937085
887.4544,887.4542,0.0001921272
887.4544,887.4542,0.0001674974
887.4544,887.4542,0.0001650862
887.4544,887.4542,0.0001608025
887.4544,887.4542,0.0001559939
887.4544,887.4543,0.0001485413
887.4544,887.4543,0.0001480613
887.4544,887.4543,0.0001119699
887.4544,887.4543,0.0001062658
887.4544,887.4545,-0.0001025718
887.4544,887.4545,-0.0001097596
887.4544,887.4545,-0.0001114227
887.4544,887.4545,-0.0001186485
887.4544,887.4545,-0.0001291323
887.4544,887.4546,-0.0001879925
887.4544,887.4546,-0.0002414859
887.4544,887.4546,-0.0002446547
887.4544,887.4546,-0.0002495037
887.4544,887.4547,-0.0002595115
887.4544,887.4547,-0.0002760054
887.4544,887.4547,-0.0002867283
887.4544,887.4547,-0.0002884539
887.4544,887.4547,-0.0002900092
887.4544,887.4547,-0.0002907143
887.4544,887.4547,-0.0003116648
887.4544,887.4547,-0.0003267144
887.4544,887.4547,-0.0003402081
887.4544,887.4547,-0.0003469333
887.4544,887.4548,-0.000371965
887.4544,887.4548,-0.0004117516
887.4544,887.4549,-0.0005007085
887.4544,887.4549,-0.0005021895
887.4544,887.4549,-0.0005401069
887.4544,887.4549,-0.0005429768
887.4544,887.455,-0.0005555112
887.4544,887.455,-0.00060285
887.4544,887.4551,-0.00065517
887.4544,887.4551,-0.000675242
887.4544,887.4551,-0.0006776381
887.4544,887.4551,-0.0006784727
887.4544,887.4551,-0.0006809082
887.4544,887.4551,-0.0006821642
887.4544,887.4551,-0.0007364274
887.4544,887.4551,-0.0007388713
887.4544,887.4551,-0.0007445946
887.4544,887.4552,-0.0008154062
,,
887.9689,14,
Mascot_mz,MassHunter_mz,Difference
887.9689,887.968,0.0008887101
887.9689,887.9682,0.0006830783
887.9689,887.9683,0.0006478516
887.9689,887.9684,0.0004830932
887.9689,887.9686,0.0003342599
887.9689,887.9686,0.0003265462
887.9689,887.9686,0.000297903
887.9689,887.9687,0.000204195
887.9689,887.9688,0.0001117506
887.9689,887.9693,-0.0004263209
887.9689,887.9694,-0.0005136496
887.9689,887.9695,-0.0005979209
887.9689,887.9695,-0.0006335388
887.9689,887.9696,-0.0007028388
,,
895.9665,12,
Mascot_mz,MassHunter_mz,Difference
895.9665,895.9656,0.0008666295
895.9665,895.9659,0.0006494068
895.9665,895.966,0.0005326855
895.9665,895.9661,0.0003524254
895.9665,895.9667,-0.0001718161
895.9665,895.9668,-0.000335509
895.9665,895.9669,-0.0003988168
895.9665,895.9671,-0.0005766143
895.9665,895.9671,-0.0006435449
895.9665,895.9672,-0.0006608432
895.9665,895.9672,-0.0006702352
895.9665,895.9673,-0.000828573
,,
903.9606,18,
Mascot_mz,MassHunter_mz,Difference
903.9606,903.9598,0.0008488942
903.9606,903.9598,0.0007704364
903.9606,903.9599,0.0007459895
903.9606,903.9599,0.0007419473
903.9606,903.9599,0.0007368562
903.9606,903.9599,0.0007342432
903.9606,903.9599,0.0007314503
903.9606,903.9599,0.0006591836
903.9606,903.96,0.0005971569
903.9606,903.96,0.0005510848
903.9606,903.9602,0.0004431698
903.9606,903.9604,0.0002221109
903.9606,903.9604,0.0001642139
903.9606,903.9605,0.0001294248
903.9606,903.9608,-0.0001618969
903.9606,903.9609,-0.0002949946
903.9606,903.9611,-0.0005296133
903.9606,903.9612,-0.0005651864
,,
917.1639,0,
Mascot_mz,MassHunter_mz,Difference
No mismatch found,,
,,
922.4949,0,
Mascot_mz,MassHunter_mz,Difference
No mismatch found,,
,,
923.4644,15,
Mascot_mz,MassHunter_mz,Difference
923.4644,923.4636,0.0008034353
923.4644,923.4636,0.000800226
923.4644,923.4636,0.0007977877
923.4644,923.4637,0.0007194033
923.4644,923.4638,0.0006398122
923.4644,923.4642,0.0002056634
923.4644,923.4642,0.0001541369
923.4644,923.4645,-0.0001326544
923.4644,923.4649,-0.0005402311
923.4644,923.465,-0.0005664474
923.4644,923.465,-0.0005824338
923.4644,923.4651,-0.0006715115
923.4644,923.4652,-0.0007696714
923.4644,923.4652,-0.0007773133
923.4644,923.4653,-0.0008560985
,,
928.4634,39,
Mascot_mz,MassHunter_mz,Difference
928.4634,928.4626,0.0007761064
928.4634,928.4628,0.0006431584
928.4634,928.4628,0.000596975
928.4634,928.4628,0.0005908172
928.4634,928.4628,0.0005673801
928.4634,928.4629,0.000537891
928.4634,928.4629,0.0005149608
928.4634,928.4629,0.0005133342
928.4634,928.4629,0.0005102536
928.4634,928.4629,0.0005088298
928.4634,928.4629,0.0004821766
928.4634,928.463,0.0004275842
928.4634,928.463,0.0004149939
928.4634,928.463,0.000407627
928.4634,928.463,0.0003552339
928.4634,928.4631,0.0003259354
928.4634,928.4631,0.0002986585
928.4634,928.4631,0.0002558513
928.4634,928.4632,0.0002489216
928.4634,928.4632,0.0002168537
928.4634,928.4632,0.0002020453
928.4634,928.4632,0.000175774
928.4634,928.4632,0.0001555343
928.4634,928.4633,0.000130796
928.4634,928.4633,0.0001267948
928.4634,928.4633,0.0001252264
928.4634,928.4635,-0.0001488096
928.4634,928.4636,-0.0002294665
928.4634,928.4636,-0.0002482053
928.4634,928.4638,-0.0004068097
928.4634,928.4638,-0.0004386374
928.4634,928.4639,-0.000529466
928.4634,928.4641,-0.0006514887
928.4634,928.4641,-0.0006533166
928.4634,928.4641,-0.0006760234
928.4634,928.4641,-0.0007276834
928.4634,928.4641,-0.0007413672
928.4634,928.4642,-0.0007548338
928.4634,928.4642,-0.0008343543
,,
928.7964,12,
Mascot_mz,MassHunter_mz,Difference
928.7964,928.7956,0.0007685637
928.7964,928.7957,0.0006541817
928.7964,928.7958,0.0006386648
928.7964,928.7958,0.0006289763
928.7964,928.796,0.0004296219
928.7964,928.7961,0.0002662541
928.7964,928.7963,0.0001306556
928.7964,928.7963,0.0001246223
928.7964,928.7971,-0.0006571349
928.7964,928.7971,-0.0006674223
928.7964,928.7971,-0.0007242255
928.7964,928.7973,-0.0008913315
,,
934.1269,12,
Mascot_mz,MassHunter_mz,Difference
934.1269,934.126,0.0008999021
934.1269,934.1261,0.0008170682
934.1269,934.1262,0.0006987642
934.1269,934.1263,0.0005947116
934.1269,934.1264,0.0005244836
934.1269,934.1267,0.000169999
934.1269,934.127,-0.0001197234
934.1269,934.1273,-0.0004242409
934.1269,934.1274,-0.0005475434
934.1269,934.1275,-0.0005746329
934.1269,934.1275,-0.000637642
934.1269,934.1278,-0.0008898369
,,
939.4606,25,
Mascot_mz,MassHunter_mz,Difference
939.4606,939.4599,0.0006663186
939.4606,939.4601,0.0005190426
939.4606,939.4604,0.0002448354
939.4606,939.4604,0.000192506
939.4606,939.4604,0.0001801461
939.4606,939.4604,0.0001735836
939.4606,939.4604,0.0001595014
939.4606,939.4605,0.0001486732
939.4606,939.4605,0.0001401079
939.4606,939.4609,-0.0002502311
939.4606,939.4609,-0.0002536444
939.4606,939.4609,-0.0002599575
939.4606,939.4609,-0.0003338052
939.4606,939.461,-0.0003705141
939.4606,939.461,-0.000407011
939.4606,939.4611,-0.0004903351
939.4606,939.4611,-0.0005152545
939.4606,939.4611,-0.0005493314
939.4606,939.4612,-0.0005627301
939.4606,939.4613,-0.000716393
939.4606,939.4613,-0.0007206268
939.4606,939.4614,-0.0007609407
939.4606,939.4614,-0.0007650858
939.4606,939.4615,-0.0008881833
939.4606,939.4615,-0.0008993947
,,
944.7914,5,
Mascot_mz,MassHunter_mz,Difference
944.7914,944.7909,0.0005150794
944.7914,944.7916,-0.0001801159
944.7914,944.792,-0.0005565056
944.7914,944.7921,-0.0007212487
944.7914,944.7922,-0.0007818909
,,
959.8628,1,
Mascot_mz,MassHunter_mz,Difference
959.8628,959.8623,0.0004592136
,,
965.1928,1,
Mascot_mz,MassHunter_mz,Difference
965.1928,965.193,-0.0001805812
,,
1031.4791,53,
Mascot_mz,MassHunter_mz,Difference
1031.4791,1031.4782,0.00088395297
1031.4791,1031.4782,0.00087403985
1031.4791,1031.4783,0.00084597045
1031.4791,1031.4783,0.00084473364
1031.4791,1031.4783,0.00077459364
1031.4791,1031.4783,0.00076112326
1031.4791,1031.4783,0.00075402521
1031.4791,1031.4784,0.00074829141
1031.4791,1031.4785,0.00058159048
1031.4791,1031.4785,0.00057377152
1031.4791,1031.4786,0.00054183643
1031.4791,1031.4787,0.00043088957
1031.4791,1031.4787,0.00041746254
1031.4791,1031.4787,0.00040990719
1031.4791,1031.4787,0.00035304282
1031.4791,1031.4788,0.00029293202
1031.4791,1031.4788,0.00028226521
1031.4791,1031.4789,0.00024019398
1031.4791,1031.4789,0.00023826311
1031.4791,1031.4789,0.00022221864
1031.4791,1031.4789,0.0001930959
1031.4791,1031.4789,0.00016082462
1031.4791,1031.4793,-0.00017460905
1031.4791,1031.4794,-0.00026164264
1031.4791,1031.4794,-0.00026694921
1031.4791,1031.4794,-0.00031047157
1031.4791,1031.4794,-0.00031629629
1031.4791,1031.4794,-0.00034888759
1031.4791,1031.4795,-0.00043437595
1031.4791,1031.4795,-0.00044601804
1031.4791,1031.4796,-0.00046534874
1031.4791,1031.4796,-0.0004662232
1031.4791,1031.4796,-0.00047310527
1031.4791,1031.4796,-0.00053631105
1031.4791,1031.4796,-0.00054429895
1031.4791,1031.4797,-0.00059584027
1031.4791,1031.4797,-0.00059893397
1031.4791,1031.4797,-0.00062001956
1031.4791,1031.4797,-0.00062756383
1031.4791,1031.4797,-0.00062970661
1031.4791,1031.4797,-0.00063837748
1031.4791,1031.4798,-0.00066920386
1031.4791,1031.4798,-0.00066981617
1031.4791,1031.4798,-0.00070342073
1031.4791,1031.4798,-0.00072958227
1031.4791,1031.4798,-0.00073578562
1031.4791,1031.4798,-0.00073597429
1031.4791,1031.4798,-0.00074458054
1031.4791,1031.4799,-0.00077443355
1031.4791,1031.4799,-0.00079137696
1031.4791,1031.4799,-0.00081060032
1031.4791,1031.4799,-0.00083817986
1031.4791,1031.48,-0.00088921622
,,
1031.9947,18,
Mascot_mz,MassHunter_mz,Difference
1031.9947,1031.9938,0.0008977392
1031.9947,1031.9938,0.00086534253
1031.9947,1031.9939,0.00080379234
1031.9947,1031.9939,0.00079317886
1031.9947,1031.9944,0.00032321116
1031.9947,1031.9944,0.00029634378
1031.9947,1031.9945,0.00021128074
1031.9947,1031.9946,0.0001480632
1031.9947,1031.9946,0.00012942945
1031.9947,1031.9948,-0.00013643851
1031.9947,1031.995,-0.00026028156
1031.9947,1031.995,-0.00028188431
1031.9947,1031.9951,-0.00039089421
1031.9947,1031.9952,-0.00047688959
1031.9947,1031.9953,-0.0005679461
1031.9947,1031.9953,-0.00060615504
1031.9947,1031.9954,-0.00065273495
1031.9947,1031.9954,-0.00067338779
,,
1032.4882,53,
Mascot_mz,MassHunter_mz,Difference
1032.4882,1032.4873,0.00089545535
1032.4882,1032.4873,0.00088759258
1032.4882,1032.4873,0.00087511316
1032.4882,1032.4874,0.00083957829
1032.4882,1032.4874,0.00083082782
1032.4882,1032.4874,0.00082530978
1032.4882,1032.4874,0.00079424845
1032.4882,1032.4874,0.00079361062
1032.4882,1032.4874,0.0007633244
1032.4882,1032.4874,0.00075122209
1032.4882,1032.4875,0.00069844164
1032.4882,1032.4875,0.00067981181
1032.4882,1032.4875,0.00067370111
1032.4882,1032.4876,0.00061832146
1032.4882,1032.4876,0.00061064838
1032.4882,1032.4876,0.00060773779
1032.4882,1032.4876,0.00057146007
1032.4882,1032.4876,0.00055559338
1032.4882,1032.4877,0.00054212617
1032.4882,1032.4877,0.00049913672
1032.4882,1032.4877,0.00047739208
1032.4882,1032.4878,0.00043536603
1032.4882,1032.4878,0.0004036537
1032.4882,1032.4878,0.00038077631
1032.4882,1032.4878,0.00037237469
1032.4882,1032.4878,0.00036440053
1032.4882,1032.4878,0.00035544585
1032.4882,1032.4879,0.00032435341
1032.4882,1032.4879,0.00031615775
1032.4882,1032.4879,0.00028799126
1032.4882,1032.4879,0.0002506909
1032.4882,1032.488,0.00023842449
1032.4882,1032.488,0.0002117448
1032.4882,1032.488,0.00019071857
1032.4882,1032.488,0.00017898921
1032.4882,1032.4881,0.00014161139
1032.4882,1032.4881,0.00013937458
1032.4882,1032.4884,-0.00015538504
1032.4882,1032.4884,-0.00022253045
1032.4882,1032.4885,-0.00029467036
1032.4882,1032.4885,-0.00031855912
1032.4882,1032.4885,-0.00033580474
1032.4882,1032.4885,-0.0003489058
1032.4882,1032.4887,-0.00046423003
1032.4882,1032.4887,-0.00047898986
1032.4882,1032.4887,-0.00049981439
1032.4882,1032.4888,-0.00064258157
1032.4882,1032.4889,-0.00065403269
1032.4882,1032.4889,-0.00065457136
1032.4882,1032.4889,-0.0006852058
1032.4882,1032.4889,-0.0007130101
1032.4882,1032.4891,-0.00088355208
1032.4882,1032.4891,-0.00088818963
,,
1039.9913,13,
Mascot_mz,MassHunter_mz,Difference
1039.9913,1039.9905,0.00084927844
1039.9913,1039.9905,0.00084400511
1039.9913,1039.9905,0.00075171932
1039.9913,1039.9908,0.00049499347
1039.9913,1039.9909,0.00041333861
1039.9913,1039.991,0.00028373073
1039.9913,1039.9911,0.00020194261
1039.9913,1039.9911,0.0001756115
1039.9913,1039.9918,-0.00046451129
1039.9913,1039.992,-0.00065204647
1039.9913,1039.992,-0.0007394093
1039.9913,1039.9921,-0.00075718007
1039.9913,1039.9921,-0.00079415322
,,
1208.0885,0,
Mascot_mz,MassHunter_mz,Difference
No mismatch found,,
,,
1375.2418,0,
Mascot_mz,MassHunter_mz,Difference
No mismatch found,,
,,
1384.6908,0,
Mascot_mz,MassHunter_mz,Difference
No mismatch found,,
,,
1392.6883,1,
Mascot_mz,MassHunter_mz,Difference
1392.6883,1392.6889,-0.0005696506
,,
,
Summarizing Mismatch Data,
Mismatched Mzs,Count
302.8401,12
303.1841,32
443.8948,21
445.7583,13
449.2272,58
453.7556,13
454.558,9
501.2607,37
592.3154,34
597.6479,20
602.9771,47
657.8271,82
665.3385,20
665.3485,4
665.3566,1
665.366,1
665.3816,1
673.3357,51
681.3238,162
681.3327,67
688.1253,5
688.3333,22
688.6616,86
692.8512,12
693.6655,6
696.8502,37
720.1493,2
724.148,4
849.7681,6
887.4544,120
887.9689,14
895.9665,12
903.9606,18
923.4644,15
928.4634,39
928.7964,12
934.1269,12
939.4606,25
944.7914,5
959.8628,1
965.1928,1
1031.4791,53
1031.9947,18
1032.4882,53
1039.9913,13
1392.6883,1
,
No Mismatched Mzs Found,Count
443.5662,0
443.9068,0
506.5915,0
640.3459,0
917.1639,0
922.4949,0
1208.0885,0
1375.2418,0
1384.6908,0
